score,review
7,볼 건 배우들밖에 없음 연출 그냥 연말에 따뜻한 감성 느끼기에만 좋은 영화 연출은 정말 별로임..
1,별점에 빵점은 왜 없음? 곽재용 감독 한게 뭡니까 ?? 억지로 꾸겨 넣은 퍼즐 같은 영화
2,이게 영화야...? 진심?
10,굿
10,
5,설득력 없는 각본.곽재용의 심플하지 못한 연출.단점이 많지만 한지민.윤아의 후덜덜 미모와 윤하의<느린 우체통>은 확실한 장점.
2,
6,티빙으로 봐서 다행...배우들이 아깝네요 ㅠㅠ 너무 뻔하고 연출도...
1,관객을 아직도 우습게 보고 있는 영화계 계속 이따구로 관객을 우롱할바에는 언젠가. 자멸하기를 소원한다.
10,영화가 참 이쁘다그때 감정에 따라 다르게 느껴질 것 같은 영화
6,더 달달했어야ㅠ 아숩네요 이도저도 아닌;;
10,새해의 시작과 함께 했어요~뻔하지만 뻔해서 재밌는 영화에요넘나 제 취향이어서 누가 만들었나 하고 봤더니곽재용 감독님ㅜㅜ 역시나ㅠ감독님 영화 많이 만들어주세요!!
10,이진욱 한지민 얼굴 본 것으로만  만점사랑합니다
10,많은 배우들을 볼 수 있는 것으로 만족한 영화
8,조금은 뻔한 스토리에 약간은 지루하나 배우들 보는 재미
1,잉 진짜 대대대대ㅐㅐ노잼1.1일에보려고 아껴뒀는데 내용완전짬뽕에 대노잼
8,다들 연기도 잘하고 감동도 있다
10,나 이런거 좋아했네ㅋㅋㅋ
4,진부하고 문제의식도 얕고...
1,러브액츄얼리 그만해 질린다
1,"나 잡아봐라를 하지 않나...아재들이 다니는 대학이 꼰대라고 하지를 않나...진짜 재미없는 연출과 말장난으로 재미, 감동 하나 없었음. 중간에 더이상 못참겠어서 나왔는데 돈과 시간이 모두 아까웠음."
9,흔한 스토리에 k식 로코..하지만 배우 비주얼과 연기력이 훌륭함옴니버스를 통한 청소년부터 노년까지의 로맨스를한번에 즐길수 있는...(심지어 남자들의 찐한 우정까지...)킬링타임용으로 훌륭했음!!
9,사람들 평점보고 기대 별로 안했는데나름 유쾌하면서도 마음 따뜻해지는영화였습니다 출연진보고 윤아가 언제나오나했는데 중요한 역할이었군요 영화 괜찮았어요
10,"연말에 딱 보기 좋은 영화이고, 꼭 연말이 아니더라도 연말의 분위기와 여운을 느끼고 싶을 때 보면 좋을 것 같아요! 재밌었어요!~그리고 배우들 라인업이 너무 좋아서 연기랑 외모 등 볼거리가 많은 영화예요! :) 특히..."
8,예고편 내용이 다지만 따듯한 영화 재미있었음
1,하.. 이게 뭐냐… 배우 얼굴이 다 함 이거 ㄹㅇ 그냥 발로 만든 영화임
1,이딴거 영화랍시고 투자받아서 만들지마라
10,이동욱얼굴 10점만점에 10점!!!
8,허허.. 그냥 배우들 보는 맛
1,배우들 이뻐서 1점줌. 영화 ㄹㅇ 발로 만들었노 ㅋㅋㅋ
6,배우들 연기와 얼굴이 대박! 따듯한 얘기예요!
8,스토리 기대는 하지마시고 배우들 보러 가세요..!!
8,연말연초에 보기 좋습니다. 배우들 얼굴이 다한 느낌
10,웃기고 울리고... 위로가 필요한 사람에겐 더더욱 좋은 영화예요. 세심한 감성을 느끼고 공감할 수 있으면 너무 좋은 영화~!
10,오랜만에 느끼는 행복한 기분의 영화저는 너무 재밌게 잘봤습니다
8,겨울을 따뜻하게 보낼수 있도록 잔잔한 감동이 있는 영화....여러 좋은 배우들을 한 화면에서 볼 수 있는 종합선물세트 같은 영화~
4,연출부터 캐릭터까지 K-러브액츄얼리.
10,이 인텐스 한 하루 하루 속에 새 해가 그래도 기분 좋은 한 해가 될 거 같은 설레임을 준 영화네요
9,흥미로운 스타일! 기대중입니다!
7,연말 분위기 내고 싶어서 봤는데 CG가 넘 어색... 눈오는 겨울에 나무들이 다 가을의 모습이라니 웃음밖에 안 나옴. 진짜 배우들 보는 재미로 보는 영화임
6,그냥 기대를 안하고 봤더니 따뜻한 느낌을 받을 수 있어서 좋았다.특히.. 강하늘 배우님이 연기를 진짜 잘하더라
10,"정말 재밌게 봤는데, 생각보다 평점이 낮네요, 한국판 러브 액츄얼리 느낌,,, 정서적으로는 러브 액츄얼리보다 더 좋네요 ㅎㅎ"
10,
4,스토리가 허접함  감동포인트가 애매함
10,너무 오글 거리고 스토리가 클리셰다보니 흥미가 떨어짐
10,스토리의 진부함 아쉬움
6,"연말 분위기 가득하고 영상미, 배우들 연기 모두 좋지만 정말 뻔한 스토리.. 가족들과 나란히 앉아 소소하게 얘기하며 보기에 좋음"
10,아 진짜 너무너무너무 재밌어요 ㅜㅜ솔직히 기대를 안하고 봤는데 너무 기대 이상이라 조금만 더 일찍 볼걸.. 딱 31일이나 1일날 봤으면 더 좋았을걸 하는 마음이에요 ㅜㅜ이 영화는 2021년을 위한 선물..
8,기대를  하고  봤는데  처음엔 뭐지?하다가  음악도 좋고   배우들도  좋고  희망에 메세지가 있고  나름  볼만했어요.특히  한지민님 너무  아름다웠어요
8,배우보러 눈호강~
8,그냥 너무뻔한게더잘통하기도한다...나한테는통한듯...
4,곽재용 감독은 회생불가능
9,마음이 따뜻해지는 영화에요ㅎㅎㅎ 푸근합니다!
6,배우님들 연기말고는..진짜 너무하다 싶을 정도로 스토리에 실망했어요..대사가 오글거린다고해야되나 억지스럽거나 너무뻔하거나 하는 장면이 너무많아서 보기 불편할정도였어요 ㅠ그래도 전부 다 좋아하는 배우님들이라 끝까지 참...
10,연말에서 연초에 보기 정말 좋은 영화ㅜㅜ 영화 볼 때는 걱정이 사라지고 나도 같이 따뜻해지는 기분이 든다
7,진짜 배우들 얼굴보러가는 영화다 ㅋㅋㅋ
10,현실과 과거에 학습되고 찌들어 있던 나의 48년... 이영화 덕분에 말끔히 정화되었다. 재작진께 진심으로 감사드린다...
1,개빡친다 내시간 돌려줘 ㅡㅡ감독작가는 대가리박고 반성좀했으면이게 2021년 영화라니 2001년 영화래도 믿을것임 배우들이 너무 아까움
10,특유의 크리스마스 연말분위기 좋아요. 배우들 라인업이 곧 개연성
6,배우들 얼굴볼겸 그냥 킬링타임용으로 무난한 영화~~
10,오랜만에 잔잔한 마음의 동요을 전해주는 따?뜻한 영화~ 연말연시엔 이런 희망과 진심이 통하는 이야기가 최고지요~~!!
10,가볍게 보기 좋은 영화였어용
10,강하늘짱??!!!!
2,80~90년대도 아닌데 왠 쌍쌍파티냐? 이 좋은 배우들...가지고 전파 낭비
10,연말에 보기 너무 좋아요
10,"정말 편안하고 행복하게 볼 수 있는 영화개인적으로 정말 취향저격 영화,,, 시끌벅적한 영화 말고 잔잔한 게 보고싶거나 힐링하고 싶다면 정말…추천!!!! 중간중간 웃음요소도 많아서 재밌다…인생 영화가 될 것 같다"
8,무난하게 볼만해요
10,너무너무 재밌고 마음을 울리는 영화인 것 같아요!??
7,딱 그냥 평범한 로맨스 스토리라 부담스럽지 않고 충분히 일상생활에서 일어날 법한 이야기라 괜찮았어요. 또 ost 명동콜링이 나올줄야 상상도 못했는 데 이 부분은 정말 좋습니다!  솔직히 그냥 유명 배우분들 보러간건데...
10,
10,시나리오는 쏘쏘 한국판 러브액츄얼리 같음!
7,이 영화 진짜 할많하않..이동욱 한지민을 너무 좋아하기 때문에 7점은 준다.. 캐스팅을 참 못했다고 생각하는 게 이동욱-한지민이 남사친 여사친으로 뭔가 티격태격하는 케미를 더 살렸으면 한지민이 짝사랑하는 당위성이 더...
8,연말쯤 따뜻한 이야기가 필요할 때 볼만한 영화
1,어 ㅈ같아요 ㅎㅎ 혼자가지 마시길
10,너무 재미있었어요. 원진아 너무 엄청 예쁨
8,재미있게 잘 봤습니다.
10,뻔하디 뻔한 영화였지만 원래 이런 연말 영화는 그 맛에 보는거 아니겠습니까~~ 엄청난 스토리와 인생영화급은 아니지만 연말 느낌 나고 가볍게 보기 좋은 영화에요~~~ 무엇보다 다양한 대배우들이 나와주셔서 배우들 보는 ...
10,
10,감동이있는 영화입니다.
4,재용이형 이제 이런 영화는 고마 찍자 너무 촌시럽잖아.
10,
10,연말에 보기 좋은 영화!! 인 것 같네요.연기 잘하는 배우들이 많이 나와서 개인적으론 몰입이 잘되서 재밌었던 것 같습니다~!
10,왜이렇게 평점이 낮은지 모르겠네요.. 엄마랑 같이 봤는데 배우들 연기도 잘하고 마음이 따뜻해지는 영화여서 만족했습니다! 배우들 모두 최고였어요
10,소중한 인연과 행복한 로맨스...~~!!
10,감동과 느낌이 최고 ~!완전 재미있엇어요 ㅎ
6,보기 좋은 영화킬링 타임용도 아니고 그냥 보기만 좋음얼굴이 킹
10,사람들이 너무 자극적인것만 봐서 그런건지 그냥 취향차이 인건지...난 진짜 오랜만에 되게 힐링되는 영화봐서 기분 좋은데
8,잔짜 어디선가 본듯한 영화 짜집기 감동 짜집기 그래도 외로운 사람들에게는 위로가 됄수 있는 영화노래가 좋았어요
10,잔잔하고 예쁜 이야기.잘 봤습니다.
10,평범한 일상 이야기지만 재미있었어요
8,재미있게봤어용 가볍게 보기 좋아욜
2,다행이다.영화관에서 봤으면 화났을 듯…핸드폰으로 봐서 다행이다….. 다신 안 봐야지^^
1,배우분들 얼굴 보러 가는…
10,내용 자체가 너무 행복 했습니다 배우 라인 부터 스토리 영상미 너무 좋았어요 오랜만에 가슴 따뜻한 영화 감사합니다
2,영화보다 어디서 이렇게 아재향이 진동하다 해서 감독보고 끄덕..아재감성으로 20-30대 표현한다고 그린 촌스럽기 짝이없는 영화같음배우들도 나이많은 거장 감독때문에 꾸역꾸역 나온듯한 느낌진짜 아재 감독님 대사도 진짜 ...
6,영화지만 너무 현실성이 없는 이야기들이 나와서 몰입이 잘 안되었던거같네요; 그래도 좋아하는 배우들 많이 나와 눈호강했습니다ㅎㅎ
8,연말에 가볍게 보기 딱좋은 팝콘무비
8,폭력과 잔인함이 난무하는 이 세대 영화판에 오랜만에 온 가족이 따뜻하게 즐길 수 있는 영화라 반가웠습니다. 특별한 재미나 긴장감은 없었지만 자극적이지 않고 곳곳에 나타나는 소소한 감동으로 보는 내내 가볍고 흐뭇한 감...
7,매우 달달한 분홍분홍 영화입니다.
1,너무너무 촌스러워 2021년에 나온 영화가 맞나 의심될정도로 정말 최악으로 촌스러움 배우들이 아깝다...
2,진짜 기대 안하고 봐야하는영화 ..  스토리가  10대들이  좋아할 내용
1,새해에 직접 고른 최악!
8,이런 영화류 너무 좋아해요 ^^ 2022연 소소하게 미소지으며 시작할 수 있게 해주셔서 감사해요!
6,쏘쏘한 영화. 정말 소소한 영화다..
1,출연한 좋은 배우들에게 예의가 아닌 영화다. 90년대에나 있을법한 현실감없는 이야기.
10,마음이 따스해지는 영화!좋아하는 배우가 많이나와 보는 내내 미소짓게 만드는 영화
10,뻔한데 그래서 너무 좋네요:) 오랜만에 힐링하고갑니다~~ 한국판 러브랙츄얼리같아요 ㅎㅎ 이 글 보는 모두들 행복하세요~~
6,볼만한 영화 입니다 시간 남거나 심심할때 보세요 인터넷으로 다운받아서 ㅎ.. 영화관까지 가서 관람까지는 아니고
10,따뜻하고 훈훈한 영화였어요.잘 봤습니다.^^
6,좀 지루했던거 같고 뻔한 해피엔딩 배우들 연기만 좋았음 ..
10,무난하게 보기 재밌음 왜 재미없다는지 몰게씀 ㅜ..
9,킬링타임이나 연말연초에 보기좋은 영화같아요 !!마음 따닷해지면서 편하게 보기 좋았어요
1,비싼 한우로 라면을 끓여 먹는 영화무료표로 보세요
1,집에서 인터넷소설 보세요
10,재밌는데ㅎ 해피뉴이어
10,난 엄청 재밌었음 왜 이렇게 평점이 낮아?? 이런 느끼의 뮤지컬 느낌 젛아하는 사람은 꼭보셈
10,재밌게 잘 봤습니다♡ 추천합니다♡
6,so so  하네요...
9,잔잔하게 재미있네요
10,잘봤습니다 해피뉴이어
10,따뜻한 영화 너무 너무 너무 잘 봤습니다
2,좋은 배우들 데려다놓고 이런 스토리로 영화를 만들다니… 아니 그냥 스토리가 없어요 영화보면서 처음으로 나갈까말까 100번 고민하게 만든 영화..
1,보는 내내 오글거려서 죽는 줄 알았어요.항마력 테스트 하고싶으신 분 추천드립니다....
8,새해엔 이렇게 밝고 긍정적인 영화 함 봐줘야 시작이 좋지...
10,기대이상으로 좋았던 영화입니다 !
10,
7,따뜻한 온기와  예쁜 동화책같은  영상들 좋았음.   하지만 스토리들이  익숙한 얘기들이었고  새롭진 않았음.
3,우와 정말 재미가 없네요ㅜㅜ
10,눈물이 나는 포인트가 있어요~ 즐겁게 볼 수 있어요~ 스파이더맨보다 더 더더 나은 거 같다~난
9,크리스마스 연말 연시 들뜬 기분. 에 딱 !
10,
2,별하나도아까운영화..도대체이배우들이이런영화에출현한이유가뭘까?
7,"철 지난 감성팔이 영화라고 혹평할 수도 있겠지만 연말에 이런 느낌, 분위기도 좋을 듯 합니다. 성인 동화 감성과 여운이 깃든 작품인데.. 기본 스토리는 여러 드라마들 클리셰를 모두 모아 하나로 이은 클리셰 메들리 같..."
1,배우들이 아까운 영화 ..
1,너무나 진부하고 예상이 틀린게없어서 웃겼음
6,과잉친절한 사람을 보는 듯한 오글거림…
4,러브액츄얼리 너무 베낀 느낌
10,한해를 위로 받는 느낌최애배우 한지민님 보러 봤는데 너무 좋았다
2,지.대.촌.스.러.워.
4,이런 배우들로 이정도 영화 만들기가 더 어려울것 같습니다.
10,음.. 방금 봤습니다.되새기며 볼 깊은 영화는 아니지만캐스팅이 너무 좋고 각각 커플들의 스토리가 재밌습니다. 한 번쯤 볼만합니다.
8,"사랑스럽고 멋진 배우들을 한 곳에 모아놓아서 보러 간 영화! 중간중간 영상이나 스토리가 조금 부족한 부분이 보이지만, 겨울에 가볍게 기분 좋게 보기 좋아요! :)"
10,뻔한스토리지만 시간내내 흐뭇한미소로 보고왔어요^^
10,
8,공포스럽고 자극적이지 않고 편안하고 가볍고 즐겁게 볼수 있어서 좋았음
10,
7,가볍게 보기 좋네요.
10,따뜻한  결말이   있는  스토리라서  넘  좋았어요.해마다 12월 이 되면  꼭  보고싶을  영화
10,너무 재밌게 봤다 화려한CG에 울리는사운드의 마블영화보다 감성정인 이 영화가 훨씬 낫다.평점 8.8
6,연말 영화의 정석. 오히려 뻔하고 변화구 없어서 좋았다. 모두의 사랑이 이루어지기를
2,"엽기적인 그녀, 클래식 감독 맞으시죠..?"
8,배우들보러 갔어요~ 가볍게 보기 좋습니다ㅎ사실 영화관에서 돈 주고 보가는 아쉬워요…티빙에서 보세요ㅋㅋㅋ
2,유치함의 끝으로 첫장면을 시작하더니 갈수록 더하네요. 보다가 껐어요. 이렇게 유치한 영화는 처음이에요
7,멀티캐스팅이 돋보이는 뻔한 옴니버스 로맨스 영화.
7,"영화 개봉전부터 굉장히 기대하고 있었는데 생각보다 재미도 없고 연출이 좀 부족한거 같아요.근데 배우들이 다 유명한 배우분들이셔서 배우분들 보는 재미는 있는거 같고,저는 개인적으로 이강이 상훈에게 새 차키를 주며 대화..."
8,원래 우리나라 ㅂㅅ 평론가들이 고매한분들이라 우리나라영화발전에 기여한 부분도 있지만 이걸 다 5점을 주냐 지극히 연말영화 매끄럽게 잘 만들어냈다 수출용 영화에 원래이렇게 보는 영화인거다 불편하지하지않게 잘 봤다
2,"별로,,, 재미 없어요,,,, 영화만 집중해서 보는 게 어려워서, 일기 쓸 때 틀어놓고 조금씩 봤네요ㅠㅠㅠ 좋아하는 배우들이 많이 나와서 기대를 많이 했지만, 영화를 보고 무엇 하나 마음에 남은 게 없어서 아쉽네요,..."
3,"배우의 팬이다, 배우의 얼굴을 큰 화면으로 감상하고 싶다, 애기부터 할머니할아버지까지 단체로 영화를 보러간다 하시는 분들만 보세요~~~~옛날 로맨스 영화로만 연애를 배운 사람이 나름대로 전연령을 대상으로 하겠다며 되..."
8,
2,그냥 뻔한 내용..신데렐라 스토리
10,가족들끼리 봐도 좋은 영화. 지루하게 느낄수 있으나 힐링영화로 좋아요:)
1,노잼 킬링타임도 안됨 시간 아까움
8,잘봤어요
10,한지민 윤아 얼굴보러 가는 영화
6,손발이 오글오글
10,곽재용 감독만이 가지고있는 감성이 있어 오랜만에 기분까지 좋았습니다~
4,배우들 보는맛에 봤다
1,정말 영화보다가 안자는 편인 나를 재운 영화
10,잼나내요오요오요오요
10,사랑스러운영화였지만 아쉽
8,"내용은 뻔하지만 배우들의 얼굴, 모습을 보면 용서가 된다는..."
1,영화보다가 뛰쳐나간 사람이 이렇게 많은 영화 처음봄..연말분위기는 나나 너무 인물도 많고 스토리가 진부함 ㅠ
6,인기 배우들이 많이 나오기만 하는 영화도 필요하긴 한 듯.
5,"아쉬운 각본, 연출인데 캐스팅만 호화로움"
5,러브 액츄얼리 리메이크 버전인가요? 너무 비슷해서 신선함은 없었으나 배우들이 눈은 즐겁게 해주네요. 캐스팅 점수는 높게 드리고 싶습니다. 젊은 배우들보다 이혜영씨가 제일 연기도 잘하시고 예쁘신 것 같아요.
2,"근무하는 호텔에서 촬영했어서 봤는데 이건 뭐 한지민, 이동욱 얼굴이 멱살캐리한 영화.. 눈물연기 장면마다 웃음터지는 영화는 처음 봄. 항마력 딸리는 영화. 집에서 티빙으로 본게 천만다행."
10,기분이 좋아지는 영화다  한지민 개이뻐
10,"연말, 몽글몽글한 분위기 그 분위기에 딱 적합한 좋은 영화"
10,설랬네요 보는내내ㅠㅠ
10,
10,
2,개나소나..연기하는거냐?ㅎ  B급들의 향연..ㅋㅋ
4,진부한 스토리에 하품이 나네요
10,늙으막하게 감동 받았읍니다.스토리는 그랬지만 잔잔하고 따뜻했네요.삶을 반성하면서 재미있게 잘 봤읍니다.
10,
10,마음에 오래 남을 영화ㅠㅠ순수하고 부담없이 착한 영화 좋다 이렇게 고요하게 물흐르듯 연애하고  결혼하고싶다. 그냥 따뜻했음
10,코로나 시국에 우울한 마음을 힐링 해주는 영화  해피뉴이어 너무 재미있게 봤네요.
10,너무 울적했는데 마음이 따뜻해졌습니다... 슬픈일있는 사람들에게 큰 힘이 될거라고 생각합니다.
10,
10,배우들께서 연기를 잘하셔서 몰입도가 장난 아니였어요
10,진부하고 뻔한 스토리이기는 하지만 요즘 느껴보지못하는 연말 기분을 느낄 수 있는 나름 괜찮았던 영화 같습니다^^5성급호텔 식당에서 만든 잡탕밥
2,아 정말.. 시나리오… 호텔대표랑 메이드조합뭐야 ㅋㅋㅋㅋ 그리고 호텔 룸은 80년대 인테리어? ㅋㅋ 돈좀쓰시지..
10,배우들 연기가 살린 영화
10,러브액츄얼리가 생각나는 재미난영화^~^
8,넘 재밌었어요~~~
10,재밌어요 행복을 주는 영화인것 같습니다.
10,
7,잔잔한 감동으로 아이들과 같이 보기 괜찮았어요.
8,난 다 필요없고 호텔 대표라는 사람이 최고인 것 같다 직원들하고 소탈하게 지내려 하고 소모품으로 여기지 않고 모두 다 안고 운영하려는 마인드에 더 감동받았다 세상에 저런 리더들이 많이 생겨났으면 좋겠다
6,머랄까...보는 내내 피식피식? 진부한 스토리... 갑자기 뜬금펄쩍 뛰어넘는 스토리. 이동욱 보러 갔는데...
2,러브액츄얼리 생각하고 만드신거같은데요..진짜 러브액츄얼리 그시대고 미국영화 연출 그대로 오버랩되요.ㅠ 왜 미국영화갬성을 따라한건지.ㅠ 우리나라 갬성과 정서가 좋아서 감독님의 클래식도 제 인생영화였는데..기대가 너무 ...
10,다 좋습니다.정말 감동적이엿고...오랜만에 영화보면서 눈물...이걸 보면서 저어게도 언젠가는 이런날이 올거라고 믿습니다.감사합니다.
8,"기대 이상으로 재밌고, 배우들의 연기력이 좋다."
6,"화려한 배우진, 감성적인 배경에 조화롭지 못한 구성"
10,사랑스럽고 따뜻한 영화 연출만 좋았더라면 더 좋았을것을!!  추천합니다.
5,배우들이 재밌네요ㅎㅎ….
6,잔잔하게 이번년도 시작하기 좋은 ..배우들 보러 가는 ..내용은 별로 ..
1,세상에....저 긴 러닝타임동안 내가 대체 뭘 본건가 싶고...끝까지 본 나에게 박수를..!
9,스토리는 평범했지만 연기는 좋았어요^
10,너무 재밌었어요 가슴이 따뜻해지는 영화에요!!
5,그냥 연말에 썸남썸녀랑 봐야 그나마 앉아있을수 있는 영화..
2,2021년이 아니라 2001년인줄
10,원래 후기같은거 잘 안남기는데 저는 평점보고 영화보는 편이아닌데 왜 이평점인지 이해가 안가네요 너무 재밌고 감동적이었어요 다시금 사랑 DNA가 솟아오르네요! 영화 잘 봤습니다!
10,재밌어요! 감동도 있구
10,오랜만에 웃음 감동 눈물 잔잔하게 다 주는 영화네요♡ 보고난후 짠함이 오래가요배우들연기도 좋고 배경 화면도 예쁘고 음악도 감동 스토리도 좋네요~감사합니다  좋은영화 만들어주셔서 또 한번 보고싶어요
4,진부하고 진부해요 천원도 아까운....
10,감동적이에요~영화잘봤습니다
5,"뻔한 이야기에 오글거리는 대사,작위적 감성"
8,그냥
8,한지민보러갔어요
10,한번더 보고싶을 정도로 재미있었습니다.
5,시대착오적인 면이 좀 보였지만 그냥 배우들이 다한 영화
4,평범한 사람들의 지나치게 운명적인 사랑을 그려낸 영화
10,평점 낮길래 기대 없이 봤는데 힐링되고 결말도 좋고 너무너무 재밌었어요! 간만에 나온 힐링영화?
10,솔직히 배우 보려고 보는거지 하고 예매하고 봤는데너무 인상깊게 본 장면들이 있음.연말 감동을 느끼고싶다면 걍 내년 연말에 보는걸로 ㅋㅋㅋhttps://bit.ly/3n19OLn호텔리어 나도 되고싶어서 알아봤다 ㅋㅋ
10,"어제 봤는데, 2021년작 중, ☆상급 이었어요  !  드라마 ,  옷소매 빨간, 오징어 게임, 이후에 제1 재미 있었읍니다!"
2,배우들이 아깝습니다 별로였어요
4,너무많은걸 넣을려하니까 이도저도아닌느낌
4,감독님 아쉽습니다. 예전의 그 감성이 살아나질 않네요.
10,연말 연초 분위기에 딱 굿.재밌었고 보고 나서 기분 좋은 영화.
2,영화 포스터를 보셨다면 이미 다본것...
8,도대체 인간들 눈이 왜이렇게 높아진건지 그래도 즐기면서 킬링타임 할수 있어요 ㅎㅎ 왜 낮게 평가하는지 노이해
1,나한테 저 배우들과 제작비가 있었다면 훨씬 더 잘만들지 않았을까 싶었을 정도로 모든 면에서 부실한 영화
2,하필 2022년을 이 영화와 함께 시작했다
2,ㅈㅇㅇ오옷나 또 속앗다ㅜ
4,이 배우들로 이런 스토리라니좋은 배우들 손에 쥐고 어쩔줄 모르다 끝난듯
10,감동도 있고 재미도 있는 영화 입니다. 연말에 친구들과 3번 연속 봤네요.ㅎㅎ 몇번을 봐도 처음보는 것같은 감정이 그대로 전해지내요.(개인적 의견) 연말에 볼 영화가 없다면 한번쯤 봐보세요. 추천합니다.
4,2012년식으로 2022년을 맞이하기
2,손발이 오글오글오글....
6,배우들 비주얼이 좋아서 6점 준다 스토리는 진짜 진부하다
4,배우들 보는 맛은 있네요~~
10,연말에 보기 좋은 따뜻한 영화였어요
8,식상하다 뻔하다 이런 평들이 많은데 다들 아시잖아요? 이런영화. 만듬새가 중요한겁니다 공감이 가느냐 시대상을 잘읽었느냐 이런거 등등이요 이 영화는 잘만들었습니다 여러 스토리를 보여줌으로써 현시대 여러 부류의 사람들의...
6,개연성이 많이 부족한 영화 하지만 보는 즐거움은 1000프로-!! 이쁘고 잘생기고 진짜 조금만 만졌더라면 하는 영화
8,너무나 식상한 플롯. 하지만 화려한 출연진에 눈은 즐거운 영화.
10,우와 평점보고 사람마다 다 느끼는게 다르다는구나 라고 한번 더 깨닫게 됬네요.. 21년 마지막날 영화를 관람해서 그런지 더 몽글몽글하고 따뜻한 마음으로 영화 보는 내내 행복했어요 카더가든 명동콜링이 삽입되는 부분도 ...
4,좋아하는배우들이 많이나와서 봤는데....흠...보다졸고...내용도 넝뻔하고...뭔가 재료는 이것저것 엄청 많이 구했는데  조리가안된느낌?..
9,이런 뻔하다고 하는 스토리도 하염없이 좋을때가 있습니다.
10,연말에 너무나도 잘어울리는 행복한 영화
7,멋지고 예쁜 배우들 보는 건 좋았지만 스토리가 아쉬움
10,"딱 러브액츄얼리 같은 옴니버스식 영화로 소소한 행복과 따뜻함이 있는 좋은 영화인데, 댓글이 안좋아서 이상하네요...원래 이런스타일의 영화인데 멀 크게 기대하는건지;;재밌게 잘봤네요~"
2,"휴 한 90년대 스토리 영화 김영광씨,,,, 여러의미로 놀랐습니다!! ㄷㄷ"
4,그냥 연말에봐서 그나마 그러려니했지 영화가 너무 올드하고 판타직하네요. 배우들이 아깝습니다 ㅠ
10,너무 재미있었어요!! 가족들이랑 보면서 너무 잘본거 같아요 강하늘 연기도 너무 웃기고 ㅋㅋㅋ다 너무 연기를 잘해서 연말에 재밌게 진짜 잘본거같아요
10,약간은 예상 가능한 내용이지만 오랜만에편안하고 마음따뜻해지는 영화였어요
7,나쁘지는 않았으나 딱히 영화관에서 봐야겠다는 생각은 들지 않는 영화. 나중에 집에서 보시길...
10,호텔 안가봤는데 호텔 한번 가고 싶게 만드는 영화네요.
7,솔직히 말하겠음 이거 광고 많이 하고 혹평이 있길래 그 정도로 최악인가 해서 아무 기대안하고 봤는데 혹평이 나올만 함 그냥 이도저도 아님 클리셰 범벅에 내용은 뻔함 다만 좋았던게 시대가 바뀌었고 현실은 코로나 때매 ...
10,연말 생각하면 딱 좋은 영화.. 적당히 설레서 연애세포가 깨어났어여
9,한지민 사랑해요 존나 예쁨
8,올드한 음악이 너무 좋았어요~
9,기대없이 가볍게 기분좋게 보기좋다 얼굴들이 존잘 존예라 보기좋다
10,배우들의 연기가 좋았아요
4,가볍게 볼 수 있기엔 러닝타임이 너무 길고 무얼 얘기하고 싶은지 모르겠고.. 설마 위로라고 한다면 어느 누군가에게 굉장히 위험할 수도 있어요
10,배우분들 연기도 다 잘 하시고 너무 재밌어용
9,영화를 보고 결혼식의 신부의 등장이 아빠나 남자랑이 아니고 엄마랑 등장이 가능하다는걸 영화보고. 깨달았어요혼자 키운 엄마라 걱정이 많았는데 엄청 눈물이 나더라고요고정관념을 깨서 행복했어요
7,재밌게 봤습니다 러브액츄얼리랑 거의 비슷해서 패러디무비 정도라고 생각하고 보시면 됩니다
10,마음이 따뜻해지는 영화였어요!
10,월메이드 영화.기대안하고 봤는데 볼수록 재밌고 감동과 음악들도 다좋구 신경많이 쓴 흔적이 보였어요. 강추 입니다.
5,기대없이 봤다가 정말 재미없게봤네요
10,개인적으로 정말 만족하며 본 영화입니다! 사건의 개연성이 떨어지는 감은 어느정도 있었지만 가볍게 보기 좋았네요. 오히려 무거운 주제에다가 일일이 해석하기 어려운 영화보다는 해피뉴이어 같은 영화가 더 취향에 맞는 거 ...
10,추운겨울날 마음 따뜻해지는 영화~ 매년12월마다 2편 3편 시리즈로..
6,"한국판 러브액츄얼리를 만들려고 한 것 같지만, 스토리텔링이 부족함"
10,배우들 때문에 보게 됬는데 내 인생영화!연기도 스토리도 재밌음
10,몽글몽글하고 설렘이 담겨져있는 아름다운 영화??
4,그냥 연말 연초 분위기
10,광수형 연기 진짜 잘하고 영화도 괜찮았어요
2,30분 정도를 보다가 너무너무 지루해서 보기를 포기했습니다. 이런 영화를 대체 왜 만드는 건지... 그것도 유명배우들까지 써가면서?
8,가볍게 볼 수 있는 영화였습니다. 일단 저는 개인적으로 관객입장으로서 영화는 좋았다고 생각해요. 관람객 평점을 보면 얼굴보러가는 영화다느니 겉만 번지르르한 영화니 이런 소리를 하는데... 영화에 대한 평점을 최소한 ...
10,최고의 영화~~!! 가슴이 따뜻해지는 최고의 영화
10,완전짱 조아써요 짱재미써써요
6,"영화내용이 좀 가벼운것 같아서 많이 아쉬웠지만, 보고 나니 크리스마스와 연말느낌이 느껴지긴 해서 마음이 조금 설레이긴 했어요, 끝나고 나오니 우연히 밖에 눈이내려서 더 여운이 있었네요 :)"
10,마음이 따뜻해지는 뻔한스토리지만 그래도 보기 좋았음
10,"너무 좋네여~~ 캐스팅부터 내용들에 적당한 코미디에 행복해지는, 맘 따뜻해지는 영화네요"
5,이건 500원 때문에 억지로 쓴다
10,새해에 희망찬 마음을 가질수있는 영화.마음이 따뜻한영화. 전 강하늘씨땜에  맘아프지만 너무 웃었어요. 임윤아씨랑 너무 따뜻하고 이뻤어요^^
6,연말 분위기를 느끼기엔 좋았으나 구성 스토리가 너무나 별로였다
10,지난해 마지막날 아주 재밌게 봤어요60대~70대 여인들에게 추천합니다
5,이거 특정호텔 홍보영화인가요??   아무튼 저렇게 연기잘하는배우들 많이 모셔서 이렇게 재미없게 만드는건도 능력이네요
10,새해에 보기 좋은 영화입니다. 큰 볼거리는 없지만 기분이 좋아지는 영화!!특히 한지민과 임윤아 배우의 연기가 인상적이었어요~!
7,"알맹이가 탄탄한 영화는 아니지만, 가끔씩은 별다른 이유없이 끌릴 수밖에 없는 그런 영화"
10,진짜 연말 연시에 보기 좋은 따뜻한 영화에요!!
10,너무 좋은데…. 레알 보면서 펑펑 울었다ㅠㅠ 이렇게 예쁜 영화 진짜 오랜만이야
10,한지민의 미모에 또 감탄한 영화~ 곽재용 감독이 한지민 칭찬 많이하더니 왜그런지 단번에 수긍
10,
10,아무리봐도 감독이 연출을 러브액츄얼리를 오마주 한 것 같다는.그렇다고 재미없지는 않는데
1,유치하고 너무 진부해요 이런 영화 언제까지 만드실 건가요
4,그냥.. 서강준이 존잘... 끝..ㅋ
10,저는 울다가 웃다가 좋았습니다개인적으로 스파어맨보다 좋아요.마음이 따뜻해지는 영화.
10,연말에 보기 좋은영화 이동욱넘나멋짐
3,스토리가 뻔해서 아쉽네요...
6,너무 기대해서 그런가 보고나서 실망함… 여러 상황들이 앞에만 질질 끌다가 얼레벌레 해결되고 연말이니 모두 해피엔딩~~^^ 이런 느낌이 들어요. 기대 안하고 보면 영상미 예쁘고 배우들 좋아서 소소하게 즐길 수는 있을 ...
7,연말에 그냥있는 그런영화
9,"무해한 영화.등장인물이 등장하고 조금만 봐도 결말까지 예상되지만, 그런 맛에 보는 영화에요.당대 인기있는 배우들을 한 화면에서 볼 수 있고폭력, 선정성 없이 편안하게 볼 수 있어요.카더가든 명동콜링을 영화관 사운드로..."
10,연출이 훌륭합니다~~
7,"클리셰 범벅이지만 연말 새해 분위기로 용서가 되는 영화. 그다지 특별할 것 없는 스토리라 할지라도 우리는 생각보다 뻔한 것들을 간절히 소망한다. 연말 인사, 새해 소망 대부분이 클리셰지만 그럼에도 분명 소중하고 따뜻..."
10,"솔직히 등장인물들이 다른 사람들이었다면 안 볼 수도 있었겠지만 감동적이라고 하기보다는 현실적인 스토리라고 생각했고, 코미디와 로맨스,슬픔이 공존해서 재미있었다. 짝사랑 하는 사람들이라면 99% 우는 ....ㅠㅠOST..."
8,영화평이 딱히 별로 안좋길래 볼까말까하다가 비록 영화관에서본건아니지만 우리나라는 2002년이후로는... 다들 자극적이고 싸우고 페미에 남혐에 유튜브댓글만봐도 맨날 사람들 서로 싸우고 토론하고  점점 한국은 이기주의에...
6,"눈호강 최고, 스토리는 그냥.... 그렇습니다. ost랑 전체적인 분위기가 연말에 보기엔 좋았어요. 12월 중순 쯤 개봉했으면 좀 더 흥행하지 않았을까...."
4,킬링타임용. 영화는 영화일뿐. 현실은 영화같이 해피하지 않아.
10,배우들도 너무 멋있고 여러 나이때의 사람들이 연기해서 공감되고 감동적이었어요!
10,
10,역시 곽재용표  러브크리스마스스토리
1,스토리자체가 없고 출연진이아까움
2,Killing time으로도 아까운..waste  my  time 이었음...
7,그냥 킬링타임용 연출 자체가 너무 올드하다
4,아.. 진짜 명배우님들 이렇게 쓰실거면 저 주세요 ㅠㅜㅠ 어떻게 이렇게 까메오가 제일 임팩트 있을수가....개봉일이 너무 늦은것도 한몫한것 같아요 ㅠㅡㅠ 러브액츄얼리 할거였으면 더 편집했었어야 하는데... 너무 아쉽...
6,스피드 쿠폰줘서 싸게볼수 있어서 가서 봄 다들 주간적 재미니....제기준엔 재미없고 손발오그라들었음 ㅜ ㅜ영화가 길더라구요;; 평들이 괜찮아서 보고온건뎅 ㅜ
2,지루해서 잠. 배우 얼굴보러갔는데 잘생김
10,연말 분위기 한껏 풍겼던 영화.연말이 지나고 봤지만 새해의 설렘과 희망을 가득 받을 수 있었던 시간이였다.영상 자체도 너무너무 예쁘고 풋풋했다2022년 모두 행복하길
10,평점 높지 않길래 기대 안하고 보러갔는데 너무 재밌었음. 초반에 살짝 지루함감이 있긴한데 전체적으로 재밌고 웃김. 그러다가도 슬픔장면도 있어서 많이 움ㅜㅜ 작품성 엄청 뛰어난건 아니지만 딱 이때 보기 너무 포근하고 ...
1,"연기,연출,스토리 생각보다 별로입니다.."
1,유치한 삼류 사랑 이야기 종합세트
1,내용이 뻔히 보여서 나갈까 말까 계속 고민함
10,딱 기분 좋은 새해를 맞이할 수 있는 영화였어요. 덕분에 올해가 기대되는 기분이에요. 너무 편안하고 가볍게 보기 좋았습니다.
7,많이 아쉽네요 너무 억지스러운 면이 있어요...
10,그냥 연말이나 연초에 편하게 보기 좋은 영화.
6,너의결혼식이 생각나네요
10,개꿀잼. 다들 보세요.
1,영화보다 잤다 너무 지루했다
6,클스 분위기로 보지만 빤하고 식상하다
7,한국영화특성상 뻔한스토리지만   연말분위기도 나고  반가운노래도 나오고  좋았음
5,역시나 이런 류의 영화는...ㅠㅠ
2,"해피 '뉴'이어라면서 너무나 올드한 영화, 후졌다"
10,
6,
10,간만 자극없는 따뜻한 영화 잘봄
1,이런 영화는 돈을 받고 봐야함
6,쏘쏘! 서강준 한지민의 얼굴이 재밌다
10,"너무 뻔하다 하지만, 나는 그 뻔함이 너무 좋다.여러분들도 2022년 오는 불행은 일언지하에 거절 하시고, 굉장히 아름다운 아침을 맞이하세요."
9,"스파이더맨만 추억 소환하나... 우리도 한다. 그 시절 엽기녀, 클래식의 그 갬성을 소환!!"
8,일단 라인업부터가 성공적.예상 가는 내용이었지만 배우분들 연기가 너무 좋았어요. 크리스마스와 연말의 분위기를 간접적으로 느낄 수 있어서 보는 내내 행복했습니다. 따듯하고 편안한 내용이라 연말에 딱이었어요. 고성희 배...
10,하...ㅋ 러브액츄얼리 좋아하는 나는 너무 좋았음... 또보러갈거임 흐앙앙앙앙아
4,정말 좋은 배우들로 아쉬운 스토리와 연출... 러브액츄얼리를 꿈꾸셨다면 차라리 우리나라버전 러브액츄얼리를 해줬다면 싶게 아쉽네요 라디오스타 비슷한 내용까지 가지고 왔는데 아쉽네요 정말 이런 배우들로 이런 영화인가 싶...
8,
2,내가 지금 진심 뭘 본거노
4,배우들 캐스팅만 다 한 영화....
4,출연진만 화려함
10,연말에 볼만한 영화같아요..!!되게 재밌던데 왜 평점낮은지이해불가..너무 등장인물이 많긴했지만 그래도 그게재밌었어요!!(알바 아닙니다ㅜ)
10,잔잔하게 볼수있는 영화. 스토리진행이 매끄럽지 못한 부분도 있으나연인과 보기에 나쁘지않고 좋아요
8,연말연시에 적절한 영화입니다.
10,새해 첫 영화였는데 너무 감동적이었어요. 제가 로맨스를 좋아해서 그런지 더 재밌었던거 같아요 ㅎㅎㅎ
7,까메오 보는 재미. 한지민 미모. 이동욱 미모. 콜센터녀 반전 기대했는데ㅋㅋㅋ
10,너무 훈훈하다 못해 오글거리는게 단점입니다만 연말에 보기 아주 좋아요
9,기대없이 봤다가 너무 재미있게 봤네요... 좋았어요
8,일단 눈이 재미있음 스토리는 단편드라마 여러개 섞어놓은 느낌 그래도 연기는 잘하더라
10,연말연시에 딱 보기 좋은 영화입니다. 결말은 너무 뻔하지만 그래도 유쾌해요~ 하지만 OST는 정말 별로임...ㅠㅠ
8,누군가는 진부 하다고 하지만 .. 유쾌하고 새해 첫영화로 아주 만족 스러웠네요. 따뜻한 영화 이다.
4,빤한클리세. 여기저기서 다 따온  그냥 그런 아주 뻔한 영화
8,가볍게 재밌게 볼 수 있는 영화. 개인적으론 매우 재밌게 봤지만 악평들에 공감이 가기도함
2,...점점점이네요...0
1,배우들에게 대본을 보여주고 캐스팅한게 맞나요?평점에 0점이 없는것 조차 흠.
1,감독님 그동안 무슨일이 있으셨던거에요? 이건 냉동캡슐에 있다 지금 깨어났다고 해도 이해가 안되는.. 무슨 쌍팔년도 영화도 아니구 ㅠㅠ 클래식을 만드셨던 분이 맞습니까 정녕 ㅠㅠ
1,보다 잤음 그만큼 그냥 별 재미가 없음
10,개인적으로 평점 왜 낮은지 모를 정도로 너무 재밌게 보고 왔고 힐링하구옴
9,2021년을 잘 마무리게 해줄수 있었던 가슴 따뜻한 영화였어요 ㅎㅎ
6,기대했는데 2000년대 클리셰노잼..지루 루즈..총집함배우들 아까움
6,윤아가 모닝콜 해주면 자살 못하지~~
6,좋은 배우들 많이 나와서 봤는데 기억에 남는건 한지민 미모뿐..
10,
10,잔잔하지만 기분좋아지는 영화
10,"오우,, 저는 최근영화중에 뭔가 젤 뭉클하고 가슴 따뜻한 영화였어요,,연기력은 물론 배우들이 다 아름답고 멋지고 눈호강 귀호강 마음호강,,, 다 굿굿"
8,이시기 가볍게 유쾌하게 사랑과 삶을 돌아볼 수 있는 영화. 연기자들이 힐링
10,출연자들이 연기를 정말 잘했고 연출도 괜찮았다
1,좋은 배우들 데려다가 이런 내용이라니..너무 시간아까운 영화였음..오그라들고 유치하고 지루한영화
10,세대별감성!!!다조아요~~
1,2021 돈OO한영화
4,뻔하고 지루하고 고루한 설정의 집합체
8,매력적인 수많은 배우들이 출연해서 사랑에 대한 다양한 내면의 연기를 보여주지만 그들의 매력이 잘살지못해서 아쉬운 작품.
10,완전 감동적이에요연기도 다들 너무 잘하셔서 재미있게 봤습니다
10,12월 31일에 보면 좋았겠다 싶었네요. 진부한 내용에예측가능한 스토리였습니다. 그래서 엄청난 반전을 기대하고 본다면 실망하실수도 있습니다. 이 영화는 올해 고생한 모든 사람들에게 따뜻하고 희망찬 메세지를 전하고자 ...
4,2021 .12.29 개봉
10,저는  사실 옛날 갬성 자극하는부분이 좋았어요 코로나때문에 제대로 느끼지 못했던 연말 느낌을 대리만족할 수 있어서 너무 좋았어요  한국 영화 산업  힘든 때에 이렇게 배우들이 우르르 한 영화에  나와주는 고마운 모먼...
1,영화 진짜 썩음. 0.5점도 아까울 정도고 연말연초에 이 영화때매 1주일째 기분 안 좋아요.
10,감독이 누군가 찾아봤더니역시곽재용감독님코로나에 연말을 빼앗겼는데그나마 작은 위안을 준 영화♡
10,뻔한 스토리긴 해도 연말연시에 어울리는 영화강하늘 찌질연기가 돋보임
10,
10,"어머니 보내고 매일 매순간이 슬펐던 내가해피 뉴 이어를 보는 동안 웃고 있었다그리고 보고 나온지 일주일, 내 곁에 날 사랑하는 사람들이 있음을 알았다.나에게 행복한 영화다!"
2,티빙으로 봐서 뛰어 넘으면서 볼 수 있어 다행.. 아쉽네요.
10,클레멘타인 이후에 이렇게나 울어본 영화는 처음이다. 반드시 꼭 봐야될 영화다.  나혼자 죽을 수 있나.. 다 죽자 이것들아
10,14인의 이야기인 만큼 중간중간 몰입이 깨지지만 배우들의 연기로 커버가 되요. 보면서 나도 모르게 다음커플은 누군지 기대되고 응원하게 되네요. OST가 정말 좋아요! 연말 느낌이 물씬 풍기네요 ㅎㅎ
10,연말에 마음 훈훈해지는 영화네요. 아들한테도 추천했어요.
1,정말 이러지 말자… 화보집을 차라리 낼 일이지… 한국영화의 100년 후퇴!
10,흔하고.. 흔하고... 또 흔한...현실과 비슷하고 또 이질적인 캐릭터들...표면적인 스토리만 본다면 다소 실망할 수 있는 스토리...하지만 제겐 2시간 17분이 너무 짧아 조금 아쉬웠습니다.덕분에 훈훈하고 아름다운...
8,평점 낮길래 기대안했는데 마음따뜻해지고 위로받는느낌 뻔하긴하지만 재밌음
10,"연말마다 매년 볼 거 같아요ㅜㅜ 조금만 더 일찍 개봉했었더라면 일찍 봤을텐데,, 배우들도 다 미모가 우월하더라구요 노래도 좋고 몽글몽글한 감성 너무 오랜만이에요ㅠ.ㅠ"
7,캐스팅 어케했누?..?
2,0.00001점도 많은!
5,한지민만 보였다.. 이쁘다 그러나 ost 연말 분위기 빼면.. 머 없다.. 야속하게 들리겠지만.. 감동도.. 기쁨도 슬픔도.. 아무것도 없었다 이 배우들을 델고.. 어찌 이렇게 말아먹을수가 있을까... 일단 연말 소...
10,뻔하지만 보고나면 기분 좋아지는 영화! 모두에게 좋은 영화가 될 순 없겠지만 적어도 나에겐 희망의 메시지가 전달되는 영화였습니다.
1,"티빙에서 봤는데. . .재미난부분 찾는다고  점핑점핑해서 봤는데. . 10분도 안걸려서 끝냄. ,근데도 너무 지루하고. 재미없고. 촌스러운.뻔한스토리.."
5,때 되면 찾아오는 돌림노래
2,이 배우들을 캐스팅했음에도 불구하고 정말 최악의 영화를 만든게 신기할뿐 이래서 연출력과 각본이 중요함 .. 배우만 보는 재미로 겨우 봤는데 그래도 시간 아까운 영화
10,"진짜 배우들 연기도 너무 좋고 다시한번 2021년을 되돌아볼 수 있는 영화!!스토리 구상도,각 캐릭터 매력도 너무 좋음!그 겨울만에 감성 너무 좋아서 겨울에 따뜻하게힐링하기 좋은 영화!!잘보고 갑니당:)"
8,새해를 활기차게... 희망이 뿜뿜 !!! 주문을 거는 영화!!!
2,그냥 재.미.없.습.니.다.
10,
10,영화보러 갔다가 이동욱한테 빠짐...
7,OST가 좋았다. 연말에 보면 딱인듯.
4,이동욱만 안나오면 될거같음
2,짜증나 ㅠㅠㅠㅠ억지.. 뚝뚝 끊기는 연출
10,인물중 관계성 공감가는 부분이 많아서 잼있어요
10,"별로라고 하는 사람들있던데 저는 좋았어요, 영화보고나니까 2022년 실감났어요!"
4,"악플 대열에 진짜 동참 안하려고 하는데, , 시위에 나갔듯 달러 나왔다,  배우들도 찍으면서 오글거렸을듯,  도저히 끝까지 볼 수가 없었다, 한시간 반을 본것만 해도 대단,  곽재용이라니, , ,  뭔가 이해가 안되..."
2,이 시나리오로 이 배우들을 어떻게 섭외한거지...
6,어엄..시나리오가 너무..아니 왜 이 쟁쟁한 배우들이 이영화에 출연한거지....?
8,대놓고 만든 연말 크리스마스 달달 5단 케잌같은 영화. 이런 사랑 옴니버스 영화를 잘 만들었다. 러브액츄얼리보다 낫다.
10,진짜 너무너무 재밌어요ㅠㅠ!!중간중간 웃음 포인트도 있고 감동도 있고 학생이 봤는데 너무 재밌게봤어요배우들 얼굴도 짱????
8,스토리는 유치하지만  연말느낌도 나고 훈훈한 감동이 있네요
1,내 두눈을 의심했다. 70년대 로맨스도 저것보단 재밌겠다. 극적인 장면과 하나도 이해 안되는 주인공들의 감정선 다 티나는 cg까지 화룡점정. 배우들이 협박받고 찍은게 아닐까 의심할정도. 어떻게 이 작품을 선택했을까 ...
4,"ㅎㅏ,,....^^"
6,
10,별점 너무 낮아서 걱정했는데 재밌게 봤어요 후회는 없음.
10,
10,한해를 보내며 마음편하게 볼수있어요.재미있어요^^
4,진짜 이러니 한녀들이 눈만 높아지지 백마탄왕자 뻔한스토리 ㅋㅋ
10,연말연초에 보면 정말 딱인 영화였어요!1월1일에 봤는데 진짜 재밌게봤구 마음 따뜻해지는 영화였어요ㅋㅋㅋㅋ전 진짜 재밌게 봤는데 평점이 그냥그러네요..
1,넷플릭스로 보세요...
1,러브액츄얼리 일본판 일본영화감독님다운 뻔한영화고 B급에 B급감성입니다. 평점 너무 높네요.
10,곽재용감독이 클래식을 만드신 분이죠?그 명성답게 해피뉴이어는 외국영화의 감성이 느껴진 더할수없이 좋았습니다.배우들 연기도 좋았지만 다들 인물이 좋아 눈호강까지 잘했습니다
8,기대 없이 가볍게 보기 좋은 영화 인거 같아요
10,킬링타임 용으로 딱!! 한해 마무리때 보기좋은 영화 완전강추!!
2,스토리 너무 얉고 재미가 없음 감동도 없음 배우들이 아깝다
10,
1,이게 재밌구나 댓글알바인건가요? 뭘 말하려는지 하나도모르겠네요 그래도 영화인데 몇명인물에 초점좀 맞추지 죄다 보여주니까 먼 내용인지 하나도 모르겠어요
10,OST가 일단 좋고영화 자체가 따뜻하면서 힐링된다
10,
4,요즘 이런 스토리를?.. 다른 의미로 놀랍네요 대사 스토리 모두 유치함
1,충격과 공포입니다.정말 내가 뭘 본건지ㅋㅋㅋ 2022년도에 나온 영화가 맞나 싶었네요ㅋㅋㅋ손발 다 사라질뻔 했습니다ㅋㅋㅋ
7,연말 분위기를 느낄 수 있는 영화
10,배우들의 연기류 재밌게 봤어요!!
1,재미x 감동x 흥미x 예쁜 한지민o
10,이광수 짱!! 다 연기 잘해요 재미도 있고!
10,사랑스럽고 행복해지는 스토리! 이런 영화를 기다려왔다!
6,배우들 보는 맛은 있음....
1,"같이보자고한 친구한테 미안했어요,전개와 연출이 감동포인트도없고 배우들 잔뜩 보고온 느낌뿐."
10,연말 따뜻하게 보냈어요
10,캐스팅이 좋아서 봤는데상상이상으로 줄거리도 좋고 재미있네요!!극추!!
10,마음이 따사로와지는 행복한 마법이 함께한 시간이었습니다. 잘봤어요 :)
10,넘 재밌고 그 중 젤 재밌는 것은 이동욱 용안
10,한국판 러브액츄얼리. 연말에 가볍지만 마음 따뜻하게 볼 수 있는 영화
10,기대 이상으로 재미있었다
10,최고의 영화입니다따뜻하고 유쾌하고 의미있는 즐거운 영화♡♡강추합니다
10,잔잔하게 감동적이였어요일단 배우 라인업부터가 최고였고 가족들이랑도 보기좋음. 내년엔 더잘살고싶다는 마음이 들면서 눈물찔끔했던영화
4,억지스러운 후반부 전개 외에도 과거 작품 끼워 넣기도 억지스럽다.
6,볼만했어요
1,"티빙으로 여럿이 같이봐서 보긴 했는데, 이건 아니지 않나요?? 심각한 퀄리티"
10,연말에 못봤지만 새해에 봐도 너무 재밌는 영화였던것 같아요. 유쾌하고 달달한 영화였습니다.
2,억지로 로맨틱하려는 어디선가 본듯한 장면이지만 너무 억지스럽고 유치해서 뛰어나올뻔
3,"그냥   눈이   이뻤다 ..,.,.,.,"
1,진짜 배우들 얼굴이 재밌는 영화 ...스토리 진짜 근본도 없고 맥락도 없고 주제도 없고 현실적이지도 못하고 공짜로 봐도 시간 아깝습니다 ...
10,서강준 얼굴만 봐도 재미있음...
8,중간중간 재밌는 부분도 많고 적당한 감동도 있어 편하게 보기 좋았습니다
10,재밌음 연말에 보기 딱 좋음
1,이건 도무지 아니지 싶다..
10,"최고에요 진짜 ! 연기다들 너무 잘하고 12월31일에 봤는데 마지막을 행복하게 할수있었어요. 한지민, 윤아 너무 예쁨"
2,러브액츄얼리를 1편더 보는게 이득일듯
10,연말에 보기 너무 좋은 영화네요 잘 봤습니다
1,보지마세요 제발 클리셰범벅
5,배우들 보러 왔습니다..
4,구시대적 로맨스 영화는 이제 그만봤으면
3,진부한 클리셰들을 옴니버스로 묶어뒀으니 그 지루함과 오글거림이 제곱으로 불어나네 일일드라마 압축판 같음
8,"뻔하고 진부한 스토리, 하지만 환상적인 배우들의 연기와 와꾸... 이 것만으로도 볼 이유는 충분함"
7,배우들이 다 한 영화
1,노웨이홈과 이 영화가 같은 가격이라는게 실화인가요?
1,감독이 한남이다.  1시간 정도 보다가 내 시간이 아까워서 나왔다. 돈도 아깝다.
2,재미없어요...등장인물이 너무 많아서 정신 없어요. 내용이 뻔하고...유치해요...
8,처음에 보기전에 평점이낮아서 고민했는데 주변사람들이 새해에 기분좋게 보기좋은영화라고 해서 봤습니다. 여러인물들의 이야기를 동시에 담으려고 했는데 자연스럽고 잘 연결 돼 있으며 스토리에 대한 큰부담감 없이 연인끼리 가...
10,새해에 딱 이 영화 보고왔는데 다시 삶의 이유와 원동력을 찾은거같아요 감사합니다
7,여러 스토리가 나왔는데 몇몇 스토리는 너무 구식이라는 생각이 들었습니다.
10,"뻔한 스토리의 로코이긴 하지만, 까메오를 비롯한 출연 배우들과 연말연시 시기 적절함을 생각한다면, 7.5 정도의 평점은 줘야 할 것으로 봅니다. 따라서 가족 친구끼리 부담없이 보기 좋았습니다. 평점 조절차 10점 갑..."
10,배우들도 탄탄하고 보는 재미에 특히 강배우님 능청스러운 연기에 또 빠져버렸습니당 글구 ㅇㅇ님 목소리 와 대박 좋아유!!
2,애초에 로맨스가 취향이 아닌긴 했는데 엽기적인 그녀 재밌게 봐서 봤습니다....배우진 얼굴빼고는 볼게 없어요 볼거면 나중에 넷플에서 무료로 킬링타임용으로 보세요Ost도 괜찮아요
10,"연말 분위기랑 조금 오글거릴수도 있는 영화이지만, 저는 재미있었던 것 같습니다."
10,보면서 따뜻했어요  제가 감수성이 풍부해서인지 보면서 웃기도하고 울기도 하고..간만에 따뜻한 등장인물들 보면서 힐링받고 왔습니다 ^^
10,해피뉴이어 넘넘 잘 보았습니다. 해피뉴이어의 내용처럼 우리네 삶도 잘 풀리는 2022년이 되었으면 좋겠어여  많은 감동주어서 감사합니다
1,"감독님은 아직도 2001년 히트 영화 찍던 시절에 사시나 봐요. 요즘 상담원 목소리 예쁘다며 더 통화하자고 하면 성희롱으로 신고감입니다. 차라리 ""제가 사람이랑 이렇게 대화한 지 오래 되었어요"" 같은 ..."
8,중후반쯤에 지루해서 잠깐 졸았어요그래도 강하늘 배우님이 좋아서 끝까지 다봤어요
2,배우들 얼굴보러 간다고 해고 개노잼
10,그냥 보게됐는데  끝까지 보게됐네요 괜찮은 영화같아요
10,나는 재밌던데... 러브액추얼리 보는 느낌이었음...
8,추운겨울 따듯한 영화였습니다.
10,진짜 재밌었음 강하늘 연기 대박
10,연말에 봤는데 연말이 보길 너무 잘한거같아요ㅠㅠ배우들 섭외 다 좋고 연출도 좋고 스토리도 너무 좋네요ㅠㅠ  노래도 다 좋고나중에 결제해서 또 볼거같아요!!체고 추천합니다 :)??
10,진짜 별기대안하고 봤는데 너무 좋아요...ㅠㅠㅠ 진짜 ost가 너무 좋아요.. 서강준 최고...
1,개연성 없는 스토리 배우들이 아까운 영화였습니다. 공시생의 좌절까지는 이해하겠는데 윤아랑은 갑자기? 이동욱이랑 메이드역할 여자분이랑도 갑자기? 한지민도 갑자기?한지민동생역할 분도 갑자기?다 갑자기 ㅋㅋㅋ 이렇게 된다...
10,진짜 재밌음 알바아니구 진짜 진심으로 재밌음ㅋㅋ어제 눈알 뽑는 그런 영화 봤는 데 해피뉴이어로 힐링함!
10,올드하다는 평이 많아 기대안하고 봤는데 생각이 많아지네요. 짝사랑 늦은 사랑 어긋난 타이밍 풋풋한 사랑 닿지못한 고백...  모든 것을 불꽃놀이처럼 날려보내고 새해의 새로운 태양을 보고싶다는 진심에 눈물흘리던 관객들...
2,킬링타임용으로도 아까운..너무 유치하고 진부하고 촌스러운대사와 스토리. 손발이 오그러드는줄. 시작10분후부터 나오고싶었으나 진짜 오기로봤다.이 대단한배우들가지고 뭐하자는건지.배우가아까운영화
4,"한지민, 윤아 보는 재미정도. ㅋㅋㅋㅋ"
3,영화 자체가 별로긴 한데 그 중 호텔 대표와 계약직 관계라니...요즘 시대에 그런 허무맹랑한 관계에 충격받고 갑니다
10,완전 재미있었어요!! 저만 보기 너무 아까워서 남들한테도 추천할게요!! 꼭 보세요! 남들도 봐야 저도 안심되거든요!
7,
10,가볍게 보기 좋아요 재밌습니다 ㅎㅎ 평점이 왜이리 낮은지 모르겠네요 줄거리도 안보고 친구가 보재서 그냥 봤는데 그럭저럭 중간중간 유머러스하고 재밌더만...
10,진부한소재...뻔한엔딩~하지만제일추운오늘날씨가행복한기운으로따스해짐을느꼈다연말에이런영화너무칭찬해~~^^
8,주연이 너무 많아서 괜찮을까 싶었는데 재미있게  본 영화였어요! 예쁘고 잘생긴 배우들 보는 것을 좋아하는 분들은 충분히 재미있게 관람할 수 있는 영화입니다. 윤아♡
6,행복함이  있는  잔잔한 영화
10,인생영화 ㅠㅠ 31일에 본 게 .. 신의한수
4,진짜 배우들만 보는 영화
10,너무 아름다워서 울었음
1,시대를 역행하는 1점도 아까운 영화 내 눈 내 시간도 아깝다
4,이배우들로..이런영화를 ..2010년도에 나온영화라고해도 믿을영화
6,연말 분위기는 나네요
10,보는 내내 행복했습니다 ♥
10,
1,10분보고 너무 역해서 힘들었습니다
1,"진짜 재미 없으니까 다들 조심하세요 ..그냥 강하늘 나오는 부분만 봐도 재미 요소는 다 보는 거니까 정 보고 싶으면 그렇게 보시면 됩니댜 ,,"
2,좀 많이 별로네요. 배우에 비해 실망했어요
10,모든 영화가 이제 해피뉴이어처럼 OTT랑 동시개봉 해야한다
10,
7,티빙으로 본다면 볼만한 영화... 2시간동안 여러 배우들 감상한다 생각하고 기대없이 보면 괜찮다
10,제 친구 상은이의 얘기같아서 눈물이나네요
10,제 친구 상은이의 얘기같아서 눈물이나네요
10,제 친구 상은이의 얘기같아서 눈물이나네요
1,러브 액추얼리 비슷하게 한번 해봐. 해서 나온 ㅆㄹㄱ
7,진짜 배우말고 볼거 없음.. 까메오 조금 나옴
1,"배우들 재능 낭비 영화. 충분히 우리식으로 풀 수도 있었을텐데, 감독은 넷플릭스도 안보나? 우리 이제 이런 베끼기 영화 안만들어도 될 정도로 문화선진국 아닌가?"
7,영화가 올드해요 많은 배우들이 나와서 짧은 분량에 각자의 개연성을 짜맞추려고 노력한 것 같아요. 하지만 배우들은 예쁘고 잘생겼고 영화에서나마 화려한 연말 분위기를 느낄 수 있어서 좋았어요. 서강준의 윙크와 잔망을 볼...
1,좋은 배우들 가져다가 왜 이런 영화 만드는지 모르겠음 진짜 돈낭비함 진짜 내용 하나도 없고 재미없어서 중간에 나갈뻔함. 다 보려면 인내가 필요한 영화 개연성 서사 이런거 하나도 없음 진짜 재미없어요 진짜 지루함
4,2022년에 이게 말이 되냐.. 마지막 폭죽 터질때 2000이라고 써져있어야 할 듯
1,이 배우 라인업으로 이렇게 만든게 신기할 정도..;충분히 잘 살릴 수 있을텐데…연출이 매끄럽지도 않고 배우들 연기도 오히려 못 하는 것처럼 보임너무… 촌스러워요… 진짜…
10,너무 재밌어요~~~!!
2,재미도 감동도 공감할 만한 것도 없었다
9,연말연초에 딱 보기 좋은 배우 종합선물세트
9,"많이 진부하지만, 죽어가는 오프라인 영화업계에서 시기에 맞게 내 놓은 마음 따뜻해지는 영화 한편은 뻔해도 미소가 나는 선물이었습니다. 영화적 작품성이나 디테일을 따지기 보다 연말 분위기를 내기 힘든 코로나 시국에 ..."
4,뻔한 내용에 진부…….
10,기분이 절로 좋아지게 만드는 영화였네요보는내내 미소가 지어지고 다보고 나서도이 분위기에 취해 하루종일 기분이 좋았습니다영상미도 좋고 무엇보다 한 영화에 배우님들을 다 볼 수 있어서 좋았네요 강추
10,마음이 따뜻해지는 영화였어요
10,9876593426
6,어째 이런 영화는 매년 나오는 듯?
10,보는 내내 행복했습니다역시 배우들 믿고봅니다!!!!
10,난 뻔하지만 한장면한장면 너무 좋았다
10,저도 1.1일이 되기 전에 볼껄 그랬어요 ㅠㅠㅠ그롬 도 재밌었을듯해요
5,"이거 올리는데 제약이 너무 많음,,,, 핵.... 노... 잼... 배...우.. 들.... 돈... 주 기 영화"
1,"오징어게임 같이 한국영화는 진보했는데, 이 영화 감독은 2001년 엽기적인 그녀를 못 벗어 난다. 이 영화뿐만 아니라 이 감독이 찍는 영화는 다 올드해..."
6,너무 흔한 내용이예요 ㅜㅜ
10,"연말 연초를 넘어 팍팍했던 현실에 작은 숨구멍 정도는 되어 줄 수 있는 영화라 '시의적절하다' 말한다. 하늘을 날아다니는 히어로도 아니고, 속 시원한 통쾌함과도 거리가 있는 장르지만 기분 좋은 따듯함은..."
10,"부정적 평가를 한 대다수가 스토리가 진부하다고 하나, 원래 오래된 방식이나 전통적인 방법론이 그런 평가를 받기 마련이다. 하나를 해도 뭔가 새로워야 하고, 영화 하나에서도 특별한 의미 부여를 하려 한다면 할말이 없지..."
10,재미있다 내용이 감동적입니다!
10,티빙으로 봤는데 가볍게볼 수있고연말에 뜻밖 재미네요 마음이훈훈해져요
10,
10,"솔직히 기대없이 봐서 그런지 너무 재밌어요,, 제가 막 설레고 슬프고 떨리는 그런 많은 감정도 느낄 수 있었고 새해에 보기 딱 좋은 로맨스 영화라 안 보신 분들 꼭 빨리 보러가세요!!"
10,백점 주고 싶은 영화 인생영화 등극
2,촌스러워 매우 아주 오랫만에
2,강하늘의 찌질한 연기 빼고 죄다 재미없음;; 분명 한국말을 하는데 중국 영화 보는거 같은 불쾌함과 무언가 허접한 연출.. 나홀로집에나 러브액츄얼리같이 매년 찾아보고 싶게끔 만드는 의도였다면 완전 실패! 인도 영화도 ...
10,크리스마스나 연말에 보기 좋은 가슴뛰는 사랑애기들로 가득한 영화를 보게되어서 좋네요음악도 너무 좋고 연초에도 추천합니다추운겨울 따뜻해지는 감동을 느껴요
10,연말에 딱 어울리는 스토리 영상도 연기도 배우들도 너무 좋다
9,엔딩곡……. 음원 내주세요………..
1,해피뉴이어 러브액츄얼라~
8,"이 영화는 ‘무드’가 다 하는 영화다영화의 분위기, 습도, 촉감, 이 영화 스토리 보다 중요하다.그런면에서 12월 23일~1월 2일 이면 늘 생각날 생각날 영화."
10,새해를 따뜻하게 보낸 느낌을 주는 영화입니다. 이 영화를 통해 대리 만족하게 만듭니다가볍게 보기 좋고 따뜻한 영화네요감사합니다
8,연말 분위기나는 낭낭하고 설레는 기분인 영화
10,원진아배우 보러간 영화
9,연말에 유명배우들많이볼수있어서 좋은 작품
10,
1,할 말이 없습니다나올까 말까 고민하다결국 끝까지 본 시간이 아까움
7,
2,재난영화다.크리스마스 재난영화...한지민 미모 보면서 겨우 버텼음
6,딱 배우 얼굴이 재밌고 연말 분위기가 좋아서 보러가는 영화... 배우 라인업보고 한껏 기대해서 갔다가 스토리에 조금 실망했어요.. 그럼에도 불구하고 연말 분위기와 배우 보러 가시는거면 추천..
10,기대 안 하고 봐서 그런지 모르겠지만 저는 너무 좋았는걸요? 가볍게 친구랑 너무 행복하게 웃으면서 봤어요 가끔 이런 감성의 영화도 필요하다고 생각해요 이 영화 덕분에 실감이 나지 않았던 2022를 맞이할 수 있어서 ...
10,이런 진부한 러브 스토리가 주는 그런 맛에 보러 가는 거 아닐까요…?전 눈물 광광 흘리면서 재밌게 봤습니다러브 스토리만 있는 게 아니고 2021년의 자신을 극복해나가면서 2022년이 다가오는 그런 벅찬 감동을 주는 ...
8,연말연시 분위기나서 좋았어요~같이 본 친구랑 저는 흐뭇했네요 ^^
2,자 스파이더맨 한번 더 보러가자
10,별로 기대 안 하고 봤는데 2021 마지막 날에 되게 재밌게 봄 연말 느낌 물씬 나고 보는 내내 설레면서 봄
6,"전문 쉐프가 운영하고 있는 뷔페레스토랑이라 해서 방문했는데, 음식 가짓 수만 많은 무한리필집에 온 느낌이네요. 출연진들을 조금만 줄여도 훨씬 집중할 수 있었을텐데, 집중하려 하면 다른 커플 내용이 나와서 아쉬웠어요...."
10,마음이 따뜻한영화입니다
8,마음 따뜻하게~연말을 보냈습니다~출연자들도 다 반갑고~
10,평점 왜이러지? 안넘기고  다봄. 웃기고 재밌다 ㅋㅋ
10,강하늘이 너무 웃기던데 ㅋㅋㅋ
10,연말연시에 보기 좋은 영화입니다 별 내용은 없지만...
10,자슥적이지않으면서 재미있게 봤네요
7,오글거려서 웃겼어요 배우들 연기는 너무 완벽했어요!
10,마음이 잔잔해집니다 좋아요
10,가슴이 따뜻해지는 각양각색의 3사랑이야기
7,연말연시에 딱 맞는 영화..그러나 연출 스토리 등 너무 안일하게 생각했다 ㅠ 이 좋은 배우들을 데리고 좀더 참신하고 좀더 재미있게 만들었으면 어땠을까 하는 아쉬움이 많이 남는 영화.... 그냥 생각없이 볼수있는 킬링...
4,안일하고 무성의한 송년회
4,어... 대체 뭘본거지?
8,한번쯤? 봐도 괜찮을거 같아요~
10,광수오빠 보려고 보러 갔는데 재밌었어요
8,그럭저럭. 킬링타임용으로 좋은 영화
10,이 영화를 보고 눈물샘이 터진 사람은 혹시 저 뿐일까요? 분명 눈물날 장면은 아닌데 그냥 좋아서 눈물이 줄줄 나네요.너무 훈훈하고 따스한 영화. 강력 추천합니다.
8,서강준 음악프로에서 부른 노래 아시는분?? 좋던데
10,새해 첫영화였는데 감동과 웃음과 희망적인 메세지가 있어서 넘 좋았어요
10,재밌다 너무재밌다 너무너무 재밌당 너무너무너무 재밌다 너무너무너무너무 재밌다
6,진부한 영화.. 강하늘 배우님 연기가 그나마 가장 볼만했어요
2,너무 촌스러워요 옛날 영화 같음
10,"이동욱 너무 잘생김,, 스토리는 제목만 봐도 알수있듯이 뻔해요 그래도 연말에 가볍게 보기좋음"
1,30분만에 뛰쳐나왔어요. 제 30분이 너무 아깝네요
10,연말느낌이 물씬나요 ~!
10,매우 기분 좋은 영화입니다
10,조아요배우들 완전 짱~^^
4,킬링타임용이긴 함 보다가 쥬글 것 같음
2,재미도 없고 감동도 없음.스토리가 진짜 구림. 한물간 2000년대 초반 로맨스물 소설들 엮어다가 만든것 같음. 요즘 웹툰 원작으로 만드는 웹드도 이렇게 안일한 스토리는 아님.티끌만한 감동을 노력해서 찾아보자면 이동욱...
1,쓰레기 영화보지마세요
1,진지한 부분일수록 실소가 나옴..계산된거였다면 인정..(감상포인트 도저히 누를게 없어서 OST 누릅니다..ㅋㅋ)
10,"가볍게 보기 좋았다. 배우들 연기 체고,,,"
10,슬프고 감동적이고 재밌고 한명한명 그 캐릭터의 스토리가 주는 이야기가 있어서 너무 행복하게 봤어요 울다가 웃다가 연말이나 새해마다 찾아볼 것 같은 영화 ! 배우들도 완벽해서 말 할 것도 없습니다 ~!
6,옴니버스식이라지만 듬성듬성 스토리와 개연성이 허술하고 클리셰 범벅까지... 배우들의 연기가 아까웠다.
10,입가에 미소가번지는 따뜻한크리마스영화
10,"너무너무 재미있었어요연출, 연기, 스토리 뭐 하나 빠지는 것 없이 완벽한 영화인 것 같아요"
1,화가난다. 배우들 아까워서 어쨔~~~
10,
10,
1,새해를 맞이하면서 할 수 있는 인생 최악의 실수
1,배우들 때문에 참고 봤습니다. 알고도 당하는 상업 영화의 클리셰가 있는데 그 이하로 실망스럽습니다.
10,친구랑 보고왔어요 추천!
5,주연급 배우들 다 캐스팅한 망작....
5,모든 것을 취하려다 모든 것을 놓친.
10,
8,재미있어요 이동욱씨 잘생겼어요
10,평점 너무별로길래 진짜 1도 기대안하고봤는데 기대를 안했어서 그런건지 전 나름 재밌었습니다 한국판 러브액츄얼리 느낌이었네요 그래도 조금씩 아쉬운부분들이 많았지만 전체적으론 좋았습니다
8,
1,너무 유치하고 지루해서.. 힘들었어요ㅜㅠ요즘도 이런 영화가 있다니…
10,기대 안하고 봤는데 재밌어요 감동도 있고 마음이 따뜻해짐
4,되게 지루하고 유치해요ㅡ
9,가족과 새해 첫날 보고왔는데 너무 잼있고 좋았어요 잘봤습니다 감사dream니다
8,윤아가 모닝콜 직원이면 절대 못죽지♡
10,스토리도 너무 감동 수럽고 보다가 웃기기도 하고 너무 술프기도 하고공감스럽기도 해주는 영화였어요이 영화 보면서 3번 울었어요ㅠㅠㅠ
10,왜 이리 평점이 낮을까요?뻔한 스토리라도 시간 가는줄모르고 재미있게 봤어요 눈물도 찔끔찔끔 흘려가며연기구멍없고 강추합니다 추천
2,21년이 아니라 01년에나 나올 법한 클리쉐의 집합체
7,가장 예측가능한 스토리들의 집합...하지만 배우들의 외모와 연기에 미소가 배시시...
1,0-100점 기준 점수를 매겨보았습니다.개연성없음 100스토리 예상가능 100유치함 100공감성 수치 100배우보는 맛(한지민) 100시간아까움 100킹받음 100합이 700이오
4,영화끝나기만 기다렸음.. 재미없어..
2,배우들 아까워..ㅜㅠ
9,연말 느낌과 새해를 맞이하는 느낌을 영화를 보는 동안 계속 느낄 수 있었어 좋았다
7,연말에 어울리는 영화. 매년 연말 티비에서 볼듯
10,마음은 알겠는데 무슨 생각으로 지금같은시기에 개봉한걸까
1,굳이 극장까지 찾아가서 볼만한 영화는 아닌듯.딱 방구석에서 보기 좋은 심심풀이용. 그마저도 클리셰 범벅의 고루한 연출로 오글거림과 지루함을 유발하는 곽재용의 고질병...
10,전부 스파이더맨 쁘락치인가 재밋구만. 현실에서 일어나지않아서 그렇다고? 개 빡인가 그러니 영화지
5,뻔한 스토리지만 조금씩 맞춰가는 음악이 흥겹다
10,영화보는데 따듯했습니다
2,배우들보는재미가다임
2,무엇을 얘기하고 싶은 영화인지 와닿지 않는다
7,1. 유치하지만 보고나면 마음이 따뜻해지는 느낌 - 손발이 오그라들어 그런가..?2. 킬링타임 & 커플 데이트 영화 & 명절 TV에서 무료방영한다면 한 번쯤 볼만할 듯3. 이런 스토리는 영화보단 웹툰으로 나왔으면 그...
1,참다참다 1시간 만에 결국 포기.. 너무 유치하고 뻔한 스토리... 1시간도 아까움 ㅠ
10,멜로 진짜 안보는데 배우들 얼굴이며ㅜ목소리가 날 이해시켯음...이게 멜로구나...
10,너무  재미있네요.  러브액츄얼리  이후  최고의  로코였어요
2,별로… 배우들만 빵빵했다.
6,진짜... 너무나도 뻔하디 뻔한 스토리현재 영화 개봉한 상태서 티빙에서 봤는데바로 티빙에서 볼수있었는지 알겠던..ㅠ
3,최고의 배우들로 만든 아쉬움
10,따뜻하고  잔잔한감동이  있는  행복한엉화입니다서강준배우  넘 잘생겼다♡♡♡
7,"나이는 숫자일 뿐, 노장의 클래스는 영원하다"
2,이OOㅡㅡ 이게 영화냐
1,오마이갓....2021년에..
9,집에서 아무 생각없이 웃으면서 보기 좋아요
8,연말연시 딱 보기 좋은 로맨스 영화♡
10,
10,연말연시에 딱인 영화이다
10,
10,러브액추얼리 느낌도 나고 연말에 보기에 훈훈하고 따뜻하고 좋았어요 . 입대하신 서강준님 볼 수 있어서 너무 행복했어요....
10,갈등이 없어서 그런지 새해에 힐링되는 영화였던 것 같아요 개인적으로는 한번 더 보고싶은 영화
1,
5,어느 영화의 짝퉁을 보는 느낌...심하게 과한 화장술
10,"뻔하고 유치하고 진부하지만, 편안하고 웃음나고 따뜻하다. 연말에 수고한 나에게 선물을 주는 느낌.. 강렬한 반전도, 눈물짜는 감동도 아니지만..모두가 힘든 나날을 보내며 일상의 우울함을 느끼는 요즘 그냥 아무 생각 ..."
1,"소문난 잔치에 먹잘것 없다하나같이 오글거리는 연기에 스토리, 개연성없는 스토리까지 뒤죽박죽된 영화"
10,2022년의 첫 시작을 함께한 영화
10,맘편하게 따뜻한 드라마를 봤습니다. ^^
10,영화 보는 동안 저도 모르게 빠져들어서 너무 재밌게 본거 같아요!!
8,그냥 볼만했습니다. 원진아 얘는 왜자꾸 나오는건지 모르겠음. 특출나게 메력적인것도 아니고 연기를 잘 하는것도 아니고 차라리 더 이쁜애를 캐스팅 하는게 힘드냐? 충무로판 무쓸모 No1
4,너무나 진부하고 올드해….감동도 없고 재미도 없고 개연성도 없음…이 엄청난 배우들 섭외해서 이런 결과물을 내다니…..
6,ㅎㅎㅎㅎ 배우들 보는 재미. 내용은 광수
1,이렇게 재미없는 영화 처음봄 뻔하고 뻔하고 또 뻔하고.. 라인업은 엄청났으나 유치하고 오글거리고 할말없게만드는영화
4,감독님 작품중 시간이탈자? 이것도 2016년에 나오기엔 참 올드한 작품이다 생각했는데 이건 한술 더 뜹니다.. 좋아하는 배우 나와서 억지로 봤는데 할말이 없슴.. 그나마 강하늘 귀여워서 4점줌
4,2021.12.31을 장식할 영화로 선택했는데 후회되네요. 많은 인물을 널어 놓기만 하고 인물의 행동이나 감정에 몰입을 못하게 하고... 2021년에 나온 영화라기에는 촌스럽기도 하고... 저와는 맞지 않은 영화였어...
10,영화를 안봤는대써진다고?
2,"훌륭한 연기자 데리고 와서 ...정말 연출 ,작가 , 기획 최악출연진만 보고 틈내서 왔는데 너무속상하다 진짜 힐링하고싶어서 왔는데..내시간 내시간 내시간"
9,분위기도 예쁘고 연말에 보기 좋았어요
8,영화로서는 정말 뻔하디 뻔한 전개와 스토리여서 별로지만 뭔가 옛날 연말 프로그램 보는거같아서 뻔한 따뜻함을 받은거같아서 좋았습니다. 연말 느낌은 보면서 잘 느껴진거같아요ㅎㅎ영화적으로만 보면 정말 별로에요ㅎㅎ
6,티빙으로 봐서 너무 다행이다
2,아무리 영화라지만... 진짜 무슨 소설을 써놨네 이런 기분이 계속 듭니다 재미는 둘째치고 납득이 안가는 부분이나 억지스러운 느낌이 심합니다 뻔해도 이렇게까지 뻔할 수 없는 스토리도 그렇고 보다가 나가고 싶다는 생각이...
7,눈도 내리고 연말 겨울 분위기 나서 한해를 마무리하기 좋은 영화였습니다.
10,설레고 연말분위기가 물씬 느껴지는 영화였어요ㅠㅠㅠ 그리고 배우분들 티키타카가 너무 재밌었어용
8,영화관말고 집에서 티빙으로 보면 괜찮은영화
8,난 밝고 활기차서 좋았음.
10,너무너무너무너무 재밌어요!!
2,보는 내내 나갈까? 나가고 싶다. 몇번이나 뛰쳐나갈뻔 함. 어쩜 이렇게 유치한 영화를 2021년 마지막날 ㅜㅜ 보다니 ㅜㅜ
10,기대이상!!뻔한 스토리지만 뻔하지 않은 배우들새해 행복하게 시작합니다.
6,지루함.... 딴짓하거나 화장실다녀와도 대략 줄거리파악 가능웃길려고 넣은 포인트들에 관객들은 웃지않는데 민망할정도
10,잼씁니다 꼭 보세용 ㅎㅎㅎ
1,..? 딱 흔한 한국 로맨스영화 설정들 모아놓은 영화. 몇몇 웃음지을 장면들 있긴한데 정말 진부해서 다 예상되는 스토리.. 연말연초 영화라고 너무 포장하는 것 같아요. 네이버에서 높지 않은 평점이지만 더 낮아져도 될...
9,생각지도 못한 선물을 받은 느낌!!
5,비싼 재료 넣어 끓인 라면
10,재밌는데 평점왜이럼?? 몽글몽글좋쿠만~~
4,사람만 많고 내용은 뻔하다 못해 없는 정도… 이동욱 넘 아깝…..
10,10대 빼고 평점이 낮은게 아마 현실에 부딪혀 힘든 삶에 지치신 분들과는 너무 현실적이지 않고 거리가 먼 느낌이 들어서라고 생각해요ㅜㅜ 영화 자체로는 정말로 좋았어요 전ㅜㅜ
7,평점이 좀 별로여서 그냥 새벽에 집에서 봤는데 연말에 봤으면 도 좋았을듯 되게 몽글몽글해지는 기분이 매주 좋았음ㅎ 한 번씩 보는거 추천 근데 이런 배우들로 이런 내용은 좀^^
2,이런 배우진으로 이런영화를..;
1,정말..보면서 오글거림과 지루한 내용에 욕이 나올 정도 였습니다. 개연성이라고는 하나도 없으며 스토리도 어떤 내용을 말하고 싶은지도 모르겠고 그냥 재미도 없고 감동도 없었습니다. 제일 비중 없던 커플인 강하늘이랑 윤...
2,너무뻔한 스토리에 앞뒤내용 없이 러브엑츄얼리 흉내낸 느낌
10,모두다 행복해졌으면 좋겠다 정말 좋은영화
1,2001년도에 나오는게 나을듯스토리 최악.감정선을 따라 갈 수가없음.주연급 배우들 데리고 뭐 이딴 스토리를 쓰냐;
1,하...영화 끝나기전엔 스토리다운 스토리가 뭔가 하나는 나오겠지 싶어서 오기로 봤는데 사람은 오기를 부리면 안 된다는걸 다시 한 번 일깨워준 영화였습니다.
10,연말 잔잔한 로맨스 너무 좋아요
7,기분좋게 편안하게 볼 수 있는새해 맞이 희망가득 스토리
10,사실 평점이 높지 않길래 별 기대 안했는데 이시기에 보기에 딱 좋아용 좋은 배우님들의 연기랑 가슴따뜻해지는 스토리가 기억에 남을것같아요 가슴이 몽글몽글해짐!
8,굿굿 이시기에보기 딱이라고 생각함
10,
1,"러브엑츄얼리 따라하려다 가랑이 찢어진 느낌,,,여기 출연한 배우들은 이 영화하기 전에 분명히 시나리오 읽어봤을텐데 왜 이 영화를 한다고 했을까라는 생각을 영화보면서 계속 하게됨."
10,
10,뻔해 보이지만 그 뻔한 느낌을 잘 살려서 재미있게 봤습니다
8,엄마랑 보러갔는데 너무 좋았어요! 막 엄청난 스토리가 있는 건 아니지만 연말에 보러가기 너무 좋은 영화! 가족들이랑 추억남기고 몽글몽글해지는 기분을 느낄수있어서 좋았어요!
1,2022년 최대의 실수.. 뭐야 내 해피뉴이어 돌려줘요..
10,Ost가 분위기에 맞게 잘 깔렸고 배우들의 연기력이 너무 좋았다
10,진짜 친구 하고 대성통곡 했어요 ㅠㅠ 처음으로 영화관 마지막까지 남아 있었어여 ㅠㅠㅠ
10,내년에는 28명 나올듯 근데 난 그래도 볼꾸당~~
10,기대안하고 가서인지 모르겠지만나름 재미있게 봤네요 ㅎㅎ갠적 생각이지만 연말연시 영화로는 추천합니다.평점이 6점이하로도 있던데 보고 온입장에선 안타까워서 십점줍니다.실제 평점 8점입니다.
3,예쁘고 잘생긴 배우님들 얼굴을 가까이에서 본 것 만으로 만족하려고요.
10,배우땜에 봤는데 생각보다 볼만한것같아요평점이 낮아서 기대안하고 갔는데 괜찮아요근데 14명의 스토리를 푸는거라서 영화말고 드라마로 만들었으면 더 좋았을것같애요이강하고 이상훈 스토리볼때 감동적이었어요!!연말에 볼만한 영...
1,
10,기대 많이 안 했는데 꽤 재미있음ㅋㅋ
10,넘넘 재밌어요 ~~ 믿고보는 배우들 ! 스토리도 탄탄하고 재밌네여 ㅎㅎ 가볍게 보기 좋은 영화요~
10,정말 재미있는  멜로영화네요
10,한국판 러브액츄얼리. 평점보고 기대 안하고 봤는데 생각보다 감동적이고 훈훈하네요!!
1,개노잼 유치뽕짝 영화 ㅋㅋㅋㅋ 아직 다음년도가 되려면 멀었지만 이번년도 최악의 영화가 될거라고 확신함. 걍 한지민님 땜에 참고봄. 윤아는 나오지도 않는데 왜 주연으로 해놈? 열불나네 진짜
10,"물론 뻔한 스토리였지만 눈도 즐거웠고 일년동안 너무 힘들었던 취업 준비생인 저에게는 위로가 되는 따뜻한 영화였어요,,,,"
9,강하늘 커플이젤좋음 ㅎ
2,진심.. 전개가 하나도 궁금하지 않은 영화.. 내용이 뻔하고 진부함 ㅜ어캐 이 캐스팅으로 이런 내용을 ..시작하는 순간부터 아 이렇게 되겠다 하고 예상한 모든 것들이 그대로 맞아떨어짐2022년에도 이런 영화가 나오는...
10,항상 연말은 따뜻한 특유의 기분이 있죠 그 느낌을 나게 해줘서 좋아요
1,진짜 나 리뷰 처음 써본다 별점 주기도 아깝고 재미도 없고 감동도 없고 있는 건 배우들 얼굴밖에 없는데 대체 뭘 만든 건지모르겠음 진짜 어이가 없다
10,1월1일에 본게 타이밍이 잘맞은거가틈
8,연말이나 1월 1일에 보기 딱 조은 가볍게 볼 수 있는 영화
8,자기가 감성이 풍부하고 뻔한 내용에도 쉽게 감동받는 그런 성격이면 재밌게 볼만한 영화일듯 그게 아니라면 평이 안 좋긴 하겠네요 여자랑 보기 좋을 거 같은 영화?
5,정확하게 예상한대로흘러가서 소름
10,배우들 얼굴이 잘생기고 예뻐서 처음부터 끝까지 너무 재밌었네요.. 해피엔딩인 걸 알지만서도 눈물이 나왔어요
1,배우들이 협박당해서 어쩔 수 없이 영화 찍었다는게 합리적인 추론임. 그렇지 않고서야 이런 배우들로 이딴 영화 만들었을리가 없음.
2,이 배우들 데려다 놓고 뭐하는 짓이냐.. 연기까지 못하는 느낌마저 든다는 건 정말 감독 반성해야한다. 그리고 대사들 정말 왜 이러는 거야?클리쉐로도 감동이나 마음이 움직이는 일들이 존재한다. 마음 1도 안 움직임. ...
1,연말 연초부터 화나게 하지마라….쿠키영상까지 완벽하게 빡친다……어디까지 가나싶어서 끝까지 본 내 자신 반성하자… 이 리뷰는 여러분들의 시간을 아껴줄 것입니다….이쯤되면 배우님들 뭐 하나씩 책잡힌거 없나 싶네요ㅎㅎ
2,이동욱 얼굴땜에 1점 한지민 연기 잘해서 1점
2,할말이 없는 영화...
6,스토리는 너무나 뻔하게 예상되요. 그냥 보러갔어요. 그냥 그냥 그냥…
1,그냥 그래여 한지민 존예
6,연기 잘하는 배우들 모시고 짧은 상영시간안에 깊이 있는 스토리를 담아내지 못한 느낌이 많아 너무 아쉬운 영화.  기억에 남는 건 한지민 배우님의 우수젖은 눈망울과 이쁘고 잘생긴 배우님들 덕에 눈호강 할 수 있는 영화...
8,스무살 1월1일 처음 본 영화많은 주인공들의 이야기를 담다보니 내용이 끊기는 느낌이 있었지만 출연진 라인업이 너무 좋았고 해피엔딩이라 관람객인 저도기분이 좋았어요중간중간 나오는 노래들도 너무 좋았구요새해에 기분좋은 ...
2,"헐임 헐,시시함. 이진욱이 잘생긴것만 알겠음"
10,인생영화
1,1점도 아까워요.. 너무 유치해요 살려주세요 ㅜㅜ 30년 전에 만든 스토리 같아요
2,말 같지도 않은 뉴 이어
2,지금까지 살면서 영화 평점을 쓴적이 아예 없는데요 진짜 별로라서 써봅니다.. 진짜 재미없고 유치하고 쌩뚱맞고 인소마냥 오글거려요.. 강하늘배우 나올때만 그나마 괜찮고 나머지는 다 쳐지고 재미없어요 영화관에서 볼정도는...
5,12월 31일에 보세요
5,HAPPY NEW YEAR
1,올해 본 영화 중에서 제일 최악...
2,최악 뭘 하고 싶은지는 알겠지만 그게 안풀린 영화 출연진 반만 줄였어도 나쁘지는 않았을 영화
10,오랜만에 마음이 훈훈해지는
10,지금 보기 딱좋은 스토리 아주 만족
10,너무너무 감동적이였고 이 영화 보는동안 즐거웠습니다~
10,누구나아는 뻔한 이야기이지만 코로나로 힘든 이시국에 위로받기위해 보기에는 너무 따뜻한 ? 한국적인 로맨스들을 섞어놓아서 신파적이지만 그래도감동적인?영화한편의 주인공이 되고도남을수많은 출연 배우들에게관객의 한사람으로 ...
10,너무 재밌다 정말 힐링하기 좋은 영화이다
10,재미있었어요.한지민 넘 이뻐요.
1,좋아하는 배우들 다 나오는데... 얼굴봤으니 족하다.. 라고 하기엔 ㅈㄹ 재미없어 OO노잼 ㅠㅠ
10,처음에 기대 안하고 봤는데 너무 재미있고 연말에 보면 재미있을 영화!
1,뻔해 평소 좋아하는 한지민님 아니었으면 중간에 껐을듯....
10,
6,5분에 한 번씩 울리는 닭살 옴니버스 연말 이벤트
1,세상 현실성따위 없는 영화;; 관객들 무시하고 영화안에서만 신나있음
10,한지민 진짜 이쁘다.. 축가? 야! X까..
2,이건 진짜아닌듯 핸드폰으로 봤으면 5분만에 껐음
2,재미도 감동도없고 배우들만 너무 많아서 스토리 산만하고 뭘 얘기하고싶은지도 모르겠음
8,"그냥 배우들 얼굴 보러 감 내용이야 뭐 생각하는 그대로, 가끔은 너무 현실성 없기도 했지만 그냥 ㅇㅇ얼굴로 용서 가능 이러면서 봄"
10,진짜 다 재밌어요 엄청 기대하고 봤는데도 꿀잼!! 꼭 보세요ㅠㅠㅠㅠ
5,아쉽네요 너무 많은 이야기를 담으려고 하다가 하나도 제대로 못만든 느낌...
10,연말연기에 편안하게볼 수 있는 따뜻한 영횐
10,상큼 발랄한 영화입니다
6,21년도 영화라는게 의심스러운 촌스럽고 익숙하고 어색한 영화~~~ 그래서 걍 무난하게 보게되는...
10,진짜 최고의크리스마스 선물!!! 2번봤음!! 너무 재밋고 감동!! 한지민 눈동자가 자꾸 생각남ㅠ
10,이 영화를 보고 살고싶어졌어요
10,연말에 소소한 행복을 느낄 수 있어 행복했습니다!
10,로맨스얘기가 너무너무 재밌고 좋았다
4,"12월 31일에 보기 시작했는데 잠들어서 다음날1월 1일에 다시 보는 영화.작년에 1점, 올해 1점해서 제 점수는 2점"
10,완전 재미있어요.. 진짜요
7,그냥 기분좋게 가볍게 볼만한영화
9,오랜만에 연애세포 꿈틀거리게 만드는 크리스마스/연말 맞춤영화가 나왔구나 기대보다 잼있게 봤다 윤아의 임팩트란..!
10,요즘 영화들이 너무 자극적이어서 보기에 불편했는데 간만에 감성을 자극하는 잔잔함이 좋았던 영화
10,나 혼자 당할 수 없다!!!
10,집에 있다가 티빙으로 봤네요가볍게 보기 좋았어요 ㅎㅎ모두 따뜻한 2022년 보내세요
10,기대안하고봤는데 너무 재밌어용!!! 영화관가길잘한것같아요
2,하....어떻게 이런 영화를... 에휴 정말로 나가고싶은거 꾸욱꾸욱 참고 봤더
1,그냥 굳이….? 싶은게 엄청 많았음.. 아니 걍 첨부터 끝까지….. 저 배우들 가지고 굳이…이런 영화를…. 개연성도 연출도 그닥…
4,...진짜  실화라서 참고 봤어요..
10,연말에 연초에 가족들 연인들이랑 보기 좋습니다 ㅎㅎ 영화가 따뜻해요~ 평점이 넘 낮길래 걱정했는데 잘골랐네요 ㅎㅅㅎ 많은사람들의 러브스토리가 나와요 !!
6,걍 뭐 새해 기분으로는 볼만했음재밌는건 아니고..배우 얼굴 보는맛에 걍 봤음
4,"연말을 겨냥한 영화라지만 너무 안일하게 만들었다. 많은 영화들의 흔적이 녹아있는데, 이걸 해피뉴이어 만의 것들로 재생산했으면 더 좋았겠지만 익숙하게 복사한 듯 하여 안타깝다."
9,
10,"크리스마스고 연말인데조금은 뻔하고 유치할 순있어도삭막하고 힘든 현실이 아닌 영화니까모두가 행복하고 즐거우면 좋잖아요크리스마스, 연말에 따뜻해지는 영화네요"
10,
8,해피뉴이어 최고의 커플은 강하늘 커플인듯요~^^
1,온갖 클리세에 유치뽕짝~  카메오인지 뭔지 배우들이 아깝고.. 이건 러브엑츄어리 흉내도 못낸 졸작중에 졸작....
8,제각각의 사람들이 새로운 연도를 맞이한다는 하나의 공통점으로 묶다 보니 어정쩡한 조금의 느낌은 존재하지만 새해가 다가왔다는 설렘과 그 새해가 다가와 한 해를 떠나보내는 그런 아쉬움이 담겨있는 배우들의 애틋한 연기와 ...
8,기대 하고 보면 좀 실망할 수도 있을 것 같네요.생각보다 스토리는 좀 별로였지만 배우들의 연기력이 다한 영화.. 가벼운 마음으로 보기 좋아요.
10,좋아하는 배우들도 많이 나오고 겨울하면 생각나는 영화가 될것같아요
10,옴니버스 영화인데 너무 매끄럽고 재미있었어요. 강하늘 연기 굿~
10,한지민씨가 이 리뷰 보셨으면!덕분에 12/31 행복했어요다른 모든 배우님들도 감사해요
10,"어디선가 본 스토리, 그런데 중반을 넘어갈수록 감동적이고 몰입됨. 새해와 어울려 더 감미로운 영화."
10,"22년 1월1일에 쓸쓸히 혼자 봤는데 보고나서기분이 좋아지는 영화였습니다, 출연하는 배우들이 많아서 러닝타임안에 스토리가 중구난방이지않을까? 생각했는데 연출도 좋고 스토리도 매끄럽게 잘 이어지더라구요. 최근에 본 영..."
8,"편안하고,흐믓한 감정의 연속 따뜻한 내용의 스토리 아주 좋아요"
3,그냥 인지도 있는 배우들 얼굴 보는 게 전부임 난 티빙으로 봐서 그냥 저냥 킬링 타임용이라고 생각함 전개는 너무 뻔해서 예측 가능하고 한 30~40분만 주면 전문가 아닌 나도 집필 가능한 스토리
2,비쥬얼 좋은 진부함 감동이 하나 없었음
10,인생영화 그 자체입니다
6,뻔한 스토리... 커플은 연말기분낸다고 보겠지만 솔로는 굳이... 애초에 별 대단한 스토리가 없음
6,전형적인 킬링타임용...이동욱과 원진아가 왜 사랑에 빠진건지 알수가 없고 한지민이 좋았는데 이진욱이 선을 20번이나 굳이 봤어야 하나 싶고. 보면서 ???? 이런 느낌이 계속 됨 ㅋㅋ 보라고 추천하지 않을 영화인데 ...
1,돈도 돈이지만 시간이 너무 아까운 영화 촌스럽고 구시대적임
1,"개연성 없는 스토리, 억지 감동, 뜬금없는 장면 전환... 너무 실망스러운 영화였습니다"
7,진부한 스토리와 변하지 않는 뻔한 해피엔딩그러나 진한 여운과 감동의 이유는 뭘까?
10,재미있고 감동적이던데요^^
2,진짜 이러지 마세요. 작가님이 문제예요? 아님 감독님이 문제예요? 와 진짜 나 살면서 악평 별로 안쓰는데 이건 진짜..
10,
2,감독님 맞짱 뜰래요? 동욱이 내놔요
10,
10,진짜 마음편하게 연말연초 느낌을 즐길 수 있는 영화였어요
7,웃으면서 잘 봤어여ㅎㅎ
6,"이 영화는 어떤 느낌이냐면 음식을 먹는데 비싼 랍스타와 케비어를 굳이 해물 라면으로 만들어 먹는 듯한 느낌?!선남선녀 유명 배우들이 열심히 하시고 영상도 연말, 연초를 겨냥해서 노력한 것은 보이는데 너무 뻔한 내용,..."
10,보면 볼 수록 마음이 몽글몽글해 지는 따뜻한 영화.. 1월 1일에 봐서 마지막에 해피 뉴 이어 할 때 울었다..
1,아직도 이런게 먹힌다고 생각하나
10,진짜 마음이 따닷해지는 영화…노래까지 심금을 울림
8,왜 이진욱은 항상 깍두기로만 쓰시나요 나추로 좀 해주심 안되나여ㅠ
2,
10,
10,"여러 색의 배우들로 어떤 스토리를 만들어낼까 궁금했고, 혹시나 색이 어우러지지 않아서 아쉬우면 어쩌나 고민했는데 그건 정말 쓸데없는 고민이었다. 마음이 몽글몽글해지고 아무 일도 일어나지 않은 나의 연말을 특별하게 만..."
10,새해를 맞이하는 아름답고 따뜻한 영화였습니다.
10,잔인함이 없어서 좋아요 해피엔딩이라 더 좋구요
10,2021년을 편안하게 잘 마무리할 수 있었던 영화
9,솔직히 이야기가 어떻게 흘러갈지 짐작은 했지만 연출 연기 영상 음악 모두 좋았습니다. 마음이 따뜻할 것 같은 좋은 배우분들이 모두 출연해주셔서 더 기뻤습니다. 제게는 새해 선물이었습니다.
10,평점이 낮아서 별로 기대 안 하고 봤는데 생각보다 괜찮았음
8,"곽재용감독 영화 본 사람들, 그 감성, 아는 사람은 알꺼다"
6,원진아 이동욱 스토리는 진짜 빼주시면 안되나요 2021년에 나올 스토리가 아닌거같은데...너무 진부하고 올드하기 짝이없음 촌스럽; 서강준 스토리도 별거없고 그래도 연말에 그냥저냥 기분좋아지는 영화긴함
8,영화를 보고 마음은 따뜻했는데 영화관이 너무 추워 몸은 추웠네요.
10,대놓고 3류라서 반전없어서 좋다
10,눈호강하면서 편안하게 볼 수 있는 영화입니다
1,내가 뭘본거지... 올해 최악의 영화 재미도 감동도 스토리도 없음 ㅠ
10,"울면서 또 웃으면서 봣던 영화,,,후유증 장난 아니고 진짜진짜로 재밌었어요 꼭 보세요,,진짜 분위기도 장난아니고 배우분들 연기에 빠졌어요 진짜"
4,스토리가 정말 별로ㅠㅠ
2,첫 장면부터 불안했는데끝까지 장난 없었다ㅎㅎ 뛰쳐나가고싶었다울고싶었다 하
2,시간 아까운 영화 돈낭비
10,연말 연초에 보기 좋네요
10,
7,느낀점이동욱 진짜 잘생겼다.한지민 진짜 예쁘다.
1,미안한데 좀 심하다. 러브액추얼리 오마쥬한 건 알겠는데 에피소드마다 개연성도 없고 억지로 끼워맞춘 대사로 인해 온몸이 오글거렸다. 그중에 압권은 뭐니뭐니해도 이동욱 커플인듯...나중에는 극장에서 뛰쳐나가고 싶었지만 ...
10,너무너무 재미있고 감동적이에요 ㅠㅠㅠ 완전 추천추천!!
10,너무너무 재미있고 감동적이에요 ㅠㅠㅠ 완전 추천추천!!
9,20대의 러블리한 연예사가 생각나네요. 마지막 장면(한지민)역의 모습이 아직  인상적이예요~~
10,너무 좋은 영화예요. 따뜻합니다.
10,연말에 보면 너무 좋은영화.. 연기가 기가막히는 휼륭한 배우분들도 많고 연출도 너무 좋아서 가족들과 친구들과 보기에 너무 좋았어요. 다들 해피뉴이얼 ~~
10,스토리가 감동적이고 흐뭇했어요!!이 영화는 가족들이랑 보면 좋을 것 같아요그리고 영화 끝나고나면 기분이 좋아지는 영화예요♥
4,배우들 등장씬부터 앞으로 어떤 스토리가 펼쳐질지 다 맞춤…화려한 배우 라인업이 아쉬울 만큼 뻔한 클리셰…
10,연말에딱이고 너무 감동적인 영화에요.연말에 심심한마음을 달래주네요.
7,HAPPY NEW YEAR
10,딱 연말에 편하게 보기 좋은 영화. 뭔가 맘이 뭉클하고 따뜻해지는 영화네요. 한지민이 너무 예쁨..!
6,그냥. 전개와 결말이 예상되는 영화들중 하나 .
10,뻔한 스토리지만 많은 배우들로 극복한 영화
1,관객을 유딩수준으로 아는 수준낮은 영화정말 무조건 팔리는표니 대충 만듦평소 김하늘 좋게 평가하고 있었는데 실망한 영화-  돈때문에 출연했겠지만..
10,새해를 시작하기에 딱 알맞는 따뜻한 영화!
1,최고급 보석들을 잔뜩 모아서 아무렇게나 세팅한 장신구를 봤을 때의 느낌. 극중에 노래 부르는 장면이 다수 나오는데 배우들이 다른 뮤지션이 부른 노래를 립싱크해서 더욱 몰입감이 떨어졌다. 진부한 소재도 어떻게 풀어나가...
10,"2021년의 마지막날에 보길 정말 잘한거 같아요. 그동안은 영화를 보면서 신파 때문에 울고, 슬퍼서 울었는데 이 영화는 보는 도중에 행복해서 눈물이 났고, 2021년의 나를 되돌아보며 눈물이 났어요. 단순한 사랑 이..."
10,"그냥 마음이 편해지고 눈물이 나기도 하고 이 영화를 보면서 종일 2022년이 왔다는 것을 알 수 있었고, 가족들과 보기 좋은 영화 같다!"
7,연말연시 분위기와 배우들 버프로 살아남은 영화
10,훈훈면서도 아무생각없이 보기좋은영화
10,킬링타임용 재밌는 영화!
10,"이동욱님이랑 한지민님 나온다고 하셔서 엄청 기대하고 봤는데 정말 기대 이상으로 재미있었습니다.배역 하나하나 스토리가 있어서 재미있었고, 엄청난 떡밥들이 있어서 더 재미있었습니다.스토리에 한번 놀라고, 떡밥에 두번 놀..."
10,너무너무 재미있었어요 인생영화..????
1,보는 내내 이해가 안갔던 영화억지 로맨스억지 감정선
10,가슴 따뜻해지고 눈물도 흘린 영화였어요.
8,"연말에 가족,이성친구와 같이 보기 좋은 따뜻한 영화에요. 한지민씨가 예쁘게 나옵니다. 지민짱!"
7,한지민 배우님 귀여우시네요!
1,오글거림의 끝판왕. 2000년대 초반 감성. 배우들때문에 기대하고 봤는데 너무 실망함. 좋은 배우들 데리고 스토리를 왜 이렇게밖에 못짰는지… 나중엔 보다가 어이없어서 웃음
10,재미써요 꼭보러가세요
10,기대 안하고 평점만 보고 갔는데 너무나 좋았던 영화…
10,모두의 사랑이 이루어지는 해피엔딩입니다뻔한 스토리라고요 맞아요 그런데 오랜만에 영화관 나오며 가슴이 무척 이나 따뜻했어요  코로나 시대를 사는 것도 비현질적인데 영화마저 현실적일 이유 있나요 강추!!모두의 기슴속에 ...
10,연말엔 역시 로맨스지! 딱 연말영화로 극장 가서 보기 좋음
8,
2,OTT에서도 보기가 너무 힘들었던 영화
10,완전 재밌었는데 평점이 왜이러죠ㅠㅠ 진짜 강추입니다ㅠ
10,너무 재밌었습니다 31일에 봤는데 최고의 선택이였습니다 개재밌습니다
10,외산 영화보다 훨씬 제미있어요 연말연최에 볼만한 영화 입니다
7,어머니와 함께 보기 좋은 영화.
2,10년 전에 만든줄 알았어요.. 큰 기대 없이 본 건데도 실망 ㅋ
10,너무재밌음 그냥ㅠㅠㅠ최고의 새해
4,배우들 연기는 좋았는데 스토리나 연출 굉장히 지루해서 깜짝 놀랐습니다. 웃으면 안 되는 장면인데 웃길 정도더군요.
4,지루하고재미없당...
10,"진짜 대박이던데 ,,, 1월 1일 첫영화 조조로 봤는데 어제 외치던 카운트다윤을 영화보면서 또한번 ㅎ ㅎ ㅎ ㅎ사랑하는 친구랑봐서 ㅠ 더좋았음"
10,"1/1 기념을 위해 친구와 보게되었는데 최고,,, 영상미가 좋아서 너무 기분좋게 봤습니다 한지민 최고"
1,내용 전개와 이야기 구성이 매끄럽지 않고 재미없어요 억지로 배우들을 껴넣은 느낌
2,티빙으로봐서 다행이다근데 영화관에서 봤어도 나쁘지않았을듯 꿀잠 잘 수 있었을것같은
10,12월 31일 마지막 타임으로 보고 왔는데 최고의 선택이었다 영화 보기 전까지 연말 체감 못 했는데 영화 끝나자마자 친구랑 서로 내일 새해네… 했다
9,부담없이 볼수있는영화
2,3천원 주고 봤는데도 돈아까움ㅠ
8,딱히 새로운 것은 없으나 연말 마무리하기에 좋은 영화배우들 얼굴이 다 한 영화 같기도
5,"옛날에 나왔던 옴니버스 영화들보다도 못한 영화였어요, 캐릭터 스토리라인 등 새로움은 전혀 없고 오히려 촌스러운?많이 아쉽네요 집에서 티빙으로 기분좋게 보고 해피뉴이어가 됐으면 했는데"
1,고급 캐비어로 알탕을 끓이셨다
10,연말에 마음 편히 따뜻하게 볼수있는 것 같아용ㅎㅎ
10,
4,
10,따뜻하고 설레이고 전  좋았어요~
3,연말을 제대로 각개격파 하는 법
1,좋아하는 배우들 얼굴 보면서 내가 왜 이걸 보고 있지라는 생각이 들기 쉽지 않은 데...ㅎ원진아가 물건 찾겠다고 이동욱 방문 두드리는 순간부터 극장 뛰쳐나가고 싶었다. 티빙으로 봤다면 바로 껐을 텐데....ㅠ (감상...
10,"기대 안하고 봤는데 재밌어요! 시간가는줄 모르고 웃다가 나왔네요. 가족이나 연인, 친구들끼리 가볍게 봐도 괜찮은 영화같아요~ (알바 아님)"
1,기대를 너무 많이 했나 진짜 재미도 없고 감동도 없고 이런 배우진으로 왜 이런 연출을 했나 싶고...진짜 31일과 1일을 정말 의미없게 보내버렸네
5,댓글알바에 속았다;;
1,좀 있을법한 이야기를 써내야 공감도 할텐데 뭔 판타지 영화인줄
10,31일에 봤는데 딱 좋아요 연말 아니면 연초에 보기 좋은? 그런 마음이 따뜻해지고 기분좋아지는 영화였어요 배우들은 믿고 볼 수 있는 배우고요
6,곽재용 작품은 클래식이후로 보는게 아니라고 하더라...주구장창 망작만 연출하네 ㅋㅋㅋ배우들이 아깝다
10,새해 보기 정말 딱 좋은 영화네요 너무 마음 따뜻해졌습니다. Happy New Year !
10,새해 보기 정말 딱 좋은 영화네요 너무 마음 따뜻해졌습니다. Happy New Year !
10,저는 처음부터 마지막 순간까지 미소를 띄우면서 본 영화 인것같아요. 2021년 행복한 느낌으로 남겨주셔서 감사합니다
4,스토리 자체가 너무 올드해요~..메인커플도 애매하고 배우들도 너무 많아서 전개가 산만했어요 러닝타임도 2시간 넘는데 중간에 계속 졸았어요^^.. 필터장착하고 보면 연말용 영화로는 볼만은 한데 영화관에서는 … 비추합니...
1,시간 아까워요 제발 보지마세요
10,2021년 마지막날에 봐서 너무 뜻깊고분위기 대박인 영화..꼭 보시길
1,년초부터 시간낭비했습니다
6,아무 생각 없이 눈으로 보기에 좋은 영화에요. 좋아하는 배우가 나와서 봤는데 그 배우가 나온건 맞는건지 내가 무슨 내용의 영화를 본 건지 잘 기억이 안나네요?! 그래도 뭔가 즐겁고 유쾌한 느낌?은 남았습니다.
10,역시 곽재용 영화배우 모두의 개성을 잘 이끌어 냈음
10,소소한 재미도있고 감동도 있고 한해 마무리하며 편하게 볼 수 있는 영화인듯 지민님 미모에 반했습니다
6,드라마였다면 더 좋았을 이야기
1,정말 모두의 상상을 전부 맞춰버리는 영화. 단 하나도 빠짐없이 예상을 빗나가지 않는게 반전 화나게 하지마
4,한국판 러브액츄얼리라면서요..유튜브 영상보고 바로 예매해서 엄마랑 보러갔는데… 너무실망했어요ㅋㅋㅋㅋ배우들은 짱짱해서 배우들 보는 재미로봣ㅇㅓ요 스토리가너무뻔해수 보는내내 부끄러움은 나의몫
10,한지민 이광수 강하늘때메 봤는데 원진아 힘빼고 연기하니깐 좋네 옛날에 연기 어색하다고 악플달았었는데.. 미안해진다. 지민이누나 예쁘다 광수야 런닝맨에서 기다릴게 이 좋은 조합가지고 이런영화를 만들다니
4,윤아 목소리 좋다 근데 영화 진짜 심각함
3,"해피뉴이어란 제목에 혹해, 2021년에서 2022년으로 넘어가는 시간에 이 영화를 보게 되어 매우 통탄스럽다."
10,"저는 31일날 딱 봤는데요. 타이밍도 너무 적절해서 이 좋은 영화가 더 마음에 와닿았던 것 같아요연말에 보기 너무 좋은 영화였고마음이 따뜻해지면서 위로까지 더해졌어요요즘 보기 드문, 영화관에서 나올 때 너무 기분이 ..."
9,
10,태어나서 본 옴니버스식 영화 중 최고. 완벽한 연말영화다!!
9,연말에 보면 좋을영화.
10,진짜 재밌고 뭉클하게 봤는데... 평점이 왜 이렇게 낮은지
1,클리쉐 대잔치 대사도 맞추면서 볼 수 있음배우들... 감독님께 거절못할 약점을 잡혔는지..?
1,별점 0점 어떻게주지 1점도 아까운데
5,진짜 그냥 배우 보러 가는 영화였네요.
2,2022년 2후로 2번 다시 보고 싶지 않은 아류작은 2점 드리겠습니다.
10,배우들 보는 맛에 보는 영화네요12월31일날 봤는데 연말분위기는 짱짱입니다아
10,31일에 봐서 너무너무 좋았어요 진짜 이런 좋은 영화 마음이 따듯해지는 영화 만들어주셔서 감사합닏ㅏ
2,도대체 이게 무슨 내용인지…. ㅎㅎㅎㅎ 돈 내고 보기 아깝네요….
10,
8,음 평점 안 좋은 이유는 잘 모르겠네요이정도면 선방하고 다양한 인물들 사연과 상황으로지루할 틈이 없었는데요 덕분에 2021년 마지막과 2022년 시작을 이 영화와 함께 했네요저는 재미있게 봤어요~한지민 진짜 이쁘다....
10,한국형 러브액츄얼리 느낌
6,"진짜… 기대치가 넘 높았던 나의 잘못이겠죠? 영화 왤케 재미없어요ㅠ 보는 내내 안타까움ㅠ 설마 저런 건 아니겠지 저렇고, 에이 이건 아니겠지 이렇고… 무슨 도사된줄ㅠ 많이 안타깝고 아까운 영화였습니다"
10,인물들 스토리 하나하나가 생각이나네요 ㅎㅎ.       웃기는부분도있고 재미있게봤어요  좋아하는 배우님들보니까 너무행복했어요 가수 윤하님 노래나올때 ㅜㅜ 팬인데 진짜 너무좋더라구요 좋은영화같아요 2022년도 행복한 ...
8,강하늘 공무원 합격 안 시켜줘서 별하니 뺍니다…
8,강하늘 공무원 합격 안 시켜줘서 별하니 뺍니다…
2,"넘 기대했나보네요 배우들땜에,,,,  내시간이 아까움,,,ㅜ"
2,"넘 기대했나보네요 배우들땜에,,,,  내시간이 아까움,,,ㅜ"
2,진짜 비현실적 뻔한 내용
9,"적당한 멜로와 영상미 음악 연기력까지,폭팔적이지 않지만 충분히 감동적이였음"
10,한국판 러브 액츄얼리.  잔잔한 감동으로 따뜻한 감성을 자극하는 ost. 연기자들의 편안한 연기도 최고.
10,난 이거 진짜 재밌게 봄 ㅜㅜ 믿고 보는 배우들 그냥 짱이였ㄴ음
10,너무 재밌게 봤습니당!!ㅎㅎ보다가 올 한해도 잘 보냈구나 라는 생각에 눈물났어요ㅠㅠ
10,재밌고 딱 연말에 보면 좋을 영화!!2021년 12월 31일에 잘 본 영화 같아용후기에 좀 안좋은 글도 많아서 기대 없이 보긴 했는데 재밌었어요 ㅎㅎ병맛 포인트가 저의 웃음코드였습니다~~보는 내내 웃음나고 좋았어요한...
8,현실적이지 않은 로맨스 판타지그럼에도 불구하고 달달하고 설레고 싶다면 강추
3,곽재용 감독의 엽기적인 그녀 개봉 20주년 기념 연말연시 이벤트 영화 숙제
5,아날로그라기보단 촌스럽..
2,잘 나가는 배우들 보는 게 다임! 어쩜 이렇게 재미없는 로맨틱 코미디는 처음임! 감동도 없고 재미도 없고...
10,마음이 따뜻해지는 영화.31일에 보기 정말 잘 한 거 같아요.
10,연말에 보기 좋은 영화네요
9,전 잼있게 봤습니다 약간 오글거림이 있긴 했지만 가볍고 유쾌하게 연말 연초에 볼만한 영화라고 생각합니다
8,마음편히보기 좋은거 같아요
10,뻔한 스토리 이지만 너무 재밌게 봤습니다.~ 21년이 지나가기전에 봐서 너무 좋았어용 ㅎ
10,올해 본 영화중 단연코 제일 감동적이고 연예세포 증식 증가
1,여러분 저 믿고 제발 다른 영화 봐주세요..역대급 노잼 영화.. 재미도 감동도 개연성도 없는 영화 ^^...!이 영화 보시는 분들 화이팅 ..???
10,
7,신데렐라 얘기만 빼면 더 좋았을텐데...^^ 지민언니 미모에 입 벌리고 보다 왔다 후... 사랑스러워.. 이뻐.. 가끔 피식거리게 하는 게 몇 있었고 딱 12/31에 본 게 좋았음
10,곽재용에게 캐논이란?
10,레트로 감성 자극하는 뻔하지만 행복한 영화. 이런 판타지아는 연말에는 필요한듯^^
10,믿고 볼수있는 연기와 화려한 출연진으로 뷔폐같은 영화란 생각이 들었다비록 결과는 예측가능하지만 대리만족했음으로 충분했다요즘시기에 무겁지않고 밝은 영화이기에 더욱 좋았다
8,배우들은 다좋았어용♡ 새해복많이받으세용♡
4,강하늘 에피소드로 겨우봄 나머지는 올드 2000년초반 드라마 보는 줄..배우들이 아깝다. 이동욱 에피 어쩔.한지민 노래ㅠㅠ지못미
8,조금 지루한 느낌이 없지 않아 있었지만 공감 갈수 있는 여러 인물들을 보여주며 마지막에 뭉클한 감정을 가져다줌 무엇보다 배우들 얼굴이 굿굿ㅎㅎ
6,한지민 예쁘다. 핫핫
10,처음으로 처음부터 마지막까지 설레는 영화였ㄴㅔ요 감사합니다
6,러브액츄얼리 짭 ㅋㅋ 그래도 새해니까 할거없으면 보세요
4,배우들의 연기력이 아까운.
8,구냥 그냥저냥 편하게 볼수 았어용
10,12월초에 햇으면더 좋앗을뜻!!!뻔한 이야기도 당연잇지만그래서 더 좋앗음
10,
1,너무 뻔해서 끝까지 믿을 수 없었어요..
1,해피뉴이어를 위해서는 꼭 보지 말아야 할 영화.엄청난 배우들을 데려다 놓고 고리타분하고 뻔한 노잼 스토리에 억지감동 졸라 때려넣음
8,눈이 즐거운 영화 중간에 나오는 카더가든 노래도 좋았음
1,절대 보지 마세요 제가 원래 영화 볼 때 자본 적 정말 없는데 졸았습니다  정말 진심으로 정말 재미없습니다. 돈낭비에요 연애세포가 살아난다고요? 전혀요 오글거려서 죽을 뻔 했습니다 전개도 뜬금없고  내용도 유치하고 ...
1,요즘 배우들 대사 안 보고 영화 정하나요…?티빙으로 돈 안 내고 봐도 재미가 없어요…
2,별점 하나는 걍 출연진 화려하니까 드릴게여각본 연출 연기 다 구린데 cg까지 개구림2021년에도 이런 영화가 나올수있다니 ㅋ
10,이진욱 한지민  분량 넘 아쉽다..
10,진짜 어떤 리뷰에서 죽어있던 연애세포를 살리는 영화라고 하더니 진짜 학ㅠㅠㅠㅠ 너무 설레구요진짜 님들 돈이 안아까운 영화였구요진짜 하 생각하며 제 심장이 터질것 같이 뛰네요 훅학
2,평점 처음 남겨봅니다.. 한지민 얼굴밖에 기억이 안납니다.(저 여자) 12/31에 영화 보고 영화 제목처럼'해피뉴이어' 하고싶었는데ㅠ보기 전으로 시간 돌리고 싶어요.
2,이게 뭐임..? 산만하고 재미없고 올드한데 완전 오래된 영화 처럼 빈티지하다는게 아니라 정말 촌스럽게 올드함. 제작비를 배우 섭외에 올인한듯진짜 어떤 의미로 대단하다 저도 작가가 될 수 있겠다는 자신감이 생겼습니다
10,
10,다양한 의미의 사랑이야기를 다룬 영화내용이 뻔하긴하지만 연말 연초에 보기 따뜻한 영화
9,행복한 해피엔딩 따뜻한 감성충전이  필요하신분께  추천합니다
6,또 매운탕 하나 나왔당.. 많이 아쉬움
1,그냥… 2021년 마지막날에 본거에 대해 의미를 두는정도…? 스토리도 진부하고 너무 앞뒤가 안 맞는 부분들도 많고 감정선도 튀고… 하… 이런 영화를 극장개봉한 용기에 박수를 보냅니다. 그리고 분명 연말=한참 추운계절...
10,
1,인소보는줄;배우들 연기는 좋아요..
6,새롭지 않은 이야기를 볼 만하게 포장해주는 매력적인 캐릭터들
4,유명한 배우들을 캐스팅 해놓고스토리가...왜이러죠 하
10,안좋은 평이 꽤 보이지만 저에겐 최고의 영화네요 배우 라인업 이 정도 아니었으면 못살렸다는말 어느정도 동의합니다! 뻔한 스토리지만 그랬기에 생각없이 편하게 볼 수 있었던 것 같아요 힐링영화라 생각하시고 보면 됩니당 ...
9,
10,"마음이 따뜻해진다는게 뭔지 알게해준 영화에요.방학식날 친구들끼리 보러갔다가, 보는내내 웃음도 나오고, 슬프다가 뭉클하기도 했던 힐링 영화였던것 같네요~스토리도 좋고, 연기는 말할것도 없고, ost도 너무 좋았어요!"
